,Conservatives,Labour,Liberal Democrats,SNP,Plaid Cymru,Greens,UKIP,Other,ID,time
Newcastle upon Tyne Central,0.25,0.65,0.05,0.0,0.0,0.02,0.04,0.0,E14000831,2017-06-08 23:01:28
Houghton and Sunderland South,0.3,0.6,0.02,0.0,0.0,0.02,0.06,0.01,E14000754,2017-06-08 23:10:38
Sunderland Central,0.33,0.56,0.04,0.0,0.0,0.02,0.05,0.01,E14000982,2017-06-08 23:46:01
Newcastle upon Tyne East,0.21,0.68,0.06,0.0,0.0,0.02,0.03,0.0,E14000832,2017-06-08 23:56:52
North Swindon,0.54,0.38,0.04,0.0,0.0,0.02,0.03,0.0,E14000851,2017-06-08 23:58:42
Washington and Sunderland West,0.29,0.61,0.02,0.0,0.0,0.01,0.07,0.0,E14001020,2017-06-09 00:04:12
Newcastle upon Tyne North,0.34,0.55,0.05,0.0,0.0,0.01,0.04,0.01,E14000833,2017-06-09 00:14:43
Kettering,0.58,0.36,0.03,0.0,0.0,0.02,0.0,0.0,E14000769,2017-06-09 00:25:43
Nuneaton,0.52,0.41,0.02,0.0,0.0,0.02,0.04,0.0,E14000868,2017-06-09 00:35:04
Middlesbrough,0.27,0.66,0.01,0.0,0.0,0.01,0.04,0.02,E14000819,2017-06-09 00:41:25
Broxbourne,0.62,0.29,0.03,0.0,0.0,0.02,0.04,0.0,E14000606,2017-06-09 00:41:55
Basildon and Billericay,0.61,0.31,0.03,0.0,0.0,0.0,0.04,0.0,E14000544,2017-06-09 00:43:16
Workington,0.42,0.51,0.03,0.0,0.0,0.0,0.04,0.01,E14001053,2017-06-09 00:44:05
South Shields,0.26,0.62,0.02,0.0,0.0,0.04,0.07,0.0,E14000944,2017-06-09 00:51:36
Darlington,0.43,0.51,0.02,0.0,0.0,0.01,0.03,0.0,E14000658,2017-06-09 00:52:17
Jarrow,0.25,0.65,0.03,0.0,0.0,0.02,0.05,0.0,E14000765,2017-06-09 01:08:37
Llanelli,0.24,0.54,0.01,0.0,0.18,0.0,0.03,0.0,W07000045,2017-06-09 01:09:37
Wrexham,0.44,0.49,0.02,0.0,0.05,0.0,0.0,0.0,W07000044,2017-06-09 01:10:18
South Swindon,0.48,0.44,0.04,0.0,0.0,0.02,0.02,0.0,E14000947,2017-06-09 01:11:07
Rutherglen and Hamilton West,0.2,0.38,0.04,0.37,0.0,0.0,0.01,0.01,S14000056,2017-06-09 01:12:57
Harrogate and Knaresborough,0.56,0.2,0.24,0.0,0.0,0.0,0.0,0.01,E14000730,2017-06-09 01:13:37
Stockton North,0.36,0.57,0.02,0.0,0.0,0.01,0.04,0.0,E14000970,2017-06-09 01:14:17
South Basildon and East Thurrock,0.57,0.32,0.02,0.0,0.0,0.01,0.07,0.01,E14000933,2017-06-09 01:14:57
Leigh,0.36,0.56,0.02,0.0,0.0,0.0,0.06,0.0,E14000785,2017-06-09 01:20:17
Wigan,0.28,0.62,0.02,0.0,0.0,0.02,0.06,0.0,E14001039,2017-06-09 01:21:08
Tooting,0.33,0.6,0.05,0.0,0.0,0.02,0.01,0.0,E14000998,2017-06-09 01:24:48
Makerfield,0.31,0.6,0.03,0.0,0.0,0.0,0.0,0.06,E14000805,2017-06-09 01:24:58
Halton,0.22,0.73,0.02,0.0,0.0,0.0,0.03,0.01,E14000725,2017-06-09 01:25:29
Birkenhead,0.18,0.77,0.03,0.0,0.0,0.02,0.0,0.0,E14000559,2017-06-09 01:25:58
Carlisle,0.5,0.44,0.03,0.0,0.0,0.0,0.03,0.0,E14000620,2017-06-09 01:29:38
West Bromwich East,0.38,0.58,0.02,0.0,0.0,0.01,0.0,0.01,E14001029,2017-06-09 01:31:08
Paisley and Renfrewshire South,0.2,0.35,0.03,0.41,0.0,0.0,0.0,0.02,S14000053,2017-06-09 01:32:19
Harlow,0.54,0.38,0.02,0.0,0.0,0.02,0.04,0.0,E14000729,2017-06-09 01:34:30
Knowsley,0.09,0.85,0.02,0.0,0.0,0.01,0.02,0.0,E14000775,2017-06-09 01:36:59
Rayleigh and Wickford,0.67,0.24,0.03,0.0,0.0,0.02,0.04,0.0,E14000888,2017-06-09 01:38:09
Vale of Clwyd,0.44,0.5,0.02,0.0,0.04,0.0,0.0,0.0,W07000060,2017-06-09 01:40:49
Dover,0.52,0.4,0.03,0.0,0.0,0.02,0.03,0.0,E14000670,2017-06-09 01:41:19
Clwyd South,0.39,0.51,0.02,0.0,0.06,0.0,0.02,0.0,W07000062,2017-06-09 01:41:39
Putney,0.44,0.41,0.12,0.0,0.0,0.02,0.01,0.0,E14000887,2017-06-09 01:42:09
West Dunbartonshire,0.17,0.38,0.02,0.43,0.0,0.0,0.0,0.0,S14000059,2017-06-09 01:44:49
Warley,0.26,0.67,0.02,0.0,0.0,0.01,0.03,0.0,E14001016,2017-06-09 01:45:19
Hertsmere,0.61,0.29,0.05,0.0,0.0,0.02,0.03,0.0,E14000745,2017-06-09 01:46:50
Tynemouth,0.36,0.57,0.03,0.0,0.0,0.01,0.02,0.0,E14001006,2017-06-09 01:47:30
Havant,0.6,0.25,0.06,0.0,0.0,0.02,0.04,0.02,E14000736,2017-06-09 01:47:49
South Norfolk,0.58,0.31,0.08,0.0,0.0,0.02,0.0,0.0,E14000941,2017-06-09 01:48:10
Stratford-on-Avon,0.62,0.22,0.12,0.0,0.0,0.03,0.0,0.01,E14000977,2017-06-09 01:48:20
Burnley,0.31,0.47,0.15,0.0,0.0,0.01,0.06,0.0,E14000609,2017-06-09 01:49:40
Kilmarnock and Loudoun,0.27,0.29,0.02,0.42,0.0,0.0,0.0,0.0,S14000040,2017-06-09 01:50:20
Newport East,0.35,0.56,0.03,0.0,0.02,0.0,0.03,0.0,W07000055,2017-06-09 01:50:50
Castle Point,0.67,0.25,0.02,0.0,0.0,0.0,0.05,0.0,E14000622,2017-06-09 01:51:30
Torfaen,0.31,0.58,0.02,0.0,0.05,0.0,0.04,0.0,W07000053,2017-06-09 01:51:50
Yeovil,0.54,0.12,0.3,0.0,0.0,0.02,0.0,0.02,E14001060,2017-06-09 01:52:10
Angus,0.45,0.13,0.03,0.39,0.0,0.0,0.0,0.0,S14000004,2017-06-09 01:52:50
Folkestone and Hythe,0.55,0.28,0.07,0.0,0.0,0.04,0.04,0.01,E14000704,2017-06-09 01:53:00
North Tyneside,0.27,0.64,0.03,0.0,0.0,0.01,0.04,0.0,E14000853,2017-06-09 01:53:10
Dundee East,0.27,0.26,0.04,0.43,0.0,0.0,0.0,0.0,S14000015,2017-06-09 01:53:20
Sefton Central,0.33,0.63,0.03,0.0,0.0,0.01,0.0,0.0,E14000916,2017-06-09 01:54:20
Hartlepool,0.34,0.52,0.02,0.0,0.0,0.0,0.12,0.0,E14000733,2017-06-09 01:54:50
Erewash,0.52,0.43,0.02,0.0,0.0,0.01,0.0,0.01,E14000695,2017-06-09 01:55:00
West Bromwich West,0.4,0.52,0.01,0.0,0.0,0.01,0.06,0.0,E14001030,2017-06-09 01:55:10
Islwyn,0.27,0.59,0.02,0.0,0.08,0.0,0.04,0.0,W07000077,2017-06-09 01:55:21
Oxford East,0.22,0.65,0.09,0.0,0.0,0.03,0.0,0.0,E14000873,2017-06-09 01:55:40
North Warwickshire,0.57,0.39,0.02,0.0,0.0,0.02,0.0,0.0,E14000854,2017-06-09 01:56:00
St Helens North,0.27,0.64,0.03,0.0,0.0,0.02,0.04,0.0,E14000962,2017-06-09 01:57:10
Pontypridd,0.27,0.55,0.05,0.0,0.1,0.0,0.03,0.0,W07000075,2017-06-09 01:57:40
Carmarthen East and Dinefwr,0.26,0.3,0.02,0.0,0.39,0.0,0.02,0.0,W07000067,2017-06-09 01:57:50
"Liverpool, Riverside",0.1,0.84,0.02,0.0,0.0,0.03,0.0,0.0,E14000793,2017-06-09 01:59:10
Fareham,0.63,0.25,0.07,0.0,0.0,0.02,0.03,0.0,E14000699,2017-06-09 01:59:20
Chelmsford,0.54,0.3,0.12,0.0,0.0,0.01,0.03,0.0,E14000628,2017-06-09 01:59:30
Wolverhampton North East,0.4,0.53,0.02,0.0,0.0,0.01,0.04,0.0,E14001049,2017-06-09 01:59:40
Arfon,0.16,0.4,0.02,0.0,0.41,0.0,0.0,0.0,W07000057,2017-06-09 01:59:51
Blaenau Gwent,0.15,0.58,0.01,0.0,0.21,0.0,0.03,0.02,W07000072,2017-06-09 02:01:22
Battersea,0.42,0.46,0.08,0.0,0.0,0.02,0.01,0.02,E14000549,2017-06-09 02:02:41
"East Kilbride, Strathaven and Lesmahagow",0.25,0.32,0.03,0.39,0.0,0.0,0.01,0.0,S14000019,2017-06-09 02:03:41
Wallasey,0.23,0.72,0.02,0.0,0.0,0.01,0.02,0.0,E14001010,2017-06-09 02:03:51
Caerphilly,0.25,0.54,0.02,0.0,0.14,0.01,0.03,0.0,W07000076,2017-06-09 02:04:22
St Helens South and Whiston,0.22,0.68,0.04,0.0,0.0,0.03,0.04,0.0,E14000963,2017-06-09 02:04:31
Vale of Glamorgan,0.48,0.43,0.02,0.0,0.04,0.01,0.02,0.0,W07000078,2017-06-09 02:04:41
Hemel Hempstead,0.55,0.37,0.06,0.0,0.0,0.02,0.0,0.0,E14000739,2017-06-09 02:05:01
Ogmore,0.25,0.62,0.02,0.0,0.08,0.0,0.03,0.0,W07000074,2017-06-09 02:05:11
Preston,0.24,0.68,0.03,0.0,0.0,0.01,0.04,0.0,E14000885,2017-06-09 02:05:51
Ealing Central and Acton,0.35,0.6,0.06,0.0,0.0,0.0,0.0,0.0,E14000674,2017-06-09 02:07:11
Delyn,0.41,0.52,0.03,0.0,0.04,0.0,0.0,0.0,W07000042,2017-06-09 02:07:41
Mid Bedfordshire,0.62,0.28,0.06,0.0,0.0,0.03,0.0,0.01,E14000813,2017-06-09 02:07:51
Torbay,0.53,0.18,0.25,0.0,0.0,0.01,0.02,0.0,E14000999,2017-06-09 02:08:21
Falkirk,0.26,0.3,0.02,0.39,0.0,0.02,0.01,0.0,S14000028,2017-06-09 02:10:01
Rugby,0.54,0.38,0.06,0.0,0.0,0.02,0.0,0.0,E14000905,2017-06-09 02:10:41
Barnsley East,0.27,0.6,0.02,0.0,0.0,0.0,0.08,0.04,E14000542,2017-06-09 02:14:42
Bury North,0.44,0.54,0.02,0.0,0.0,0.0,0.0,0.0,E14000611,2017-06-09 02:14:52
Epping Forest,0.62,0.26,0.06,0.0,0.0,0.02,0.04,0.0,E14000693,2017-06-09 02:15:02
Heywood and Middleton,0.38,0.53,0.02,0.0,0.0,0.0,0.06,0.0,E14000747,2017-06-09 02:15:12
Hertford and Stortford,0.6,0.29,0.08,0.0,0.0,0.03,0.0,0.0,E14000744,2017-06-09 02:15:22
North West Leicestershire,0.58,0.33,0.06,0.0,0.0,0.02,0.0,0.0,E14000858,2017-06-09 02:15:32
Na h-Eileanan an Iar,0.16,0.34,0.02,0.41,0.0,0.0,0.0,0.07,S14000027,2017-06-09 02:15:42
Fylde,0.59,0.33,0.05,0.0,0.0,0.03,0.0,0.0,E14000706,2017-06-09 02:16:02
Blaydon,0.28,0.56,0.09,0.0,0.0,0.01,0.05,0.0,E14000574,2017-06-09 02:17:02
Kingston upon Hull North,0.25,0.64,0.05,0.0,0.0,0.02,0.04,0.0,E14000772,2017-06-09 02:17:12
North East Hertfordshire,0.59,0.28,0.08,0.0,0.0,0.05,0.0,0.0,E14000845,2017-06-09 02:17:22
Wirral West,0.42,0.54,0.03,0.0,0.0,0.01,0.0,0.0,E14001044,2017-06-09 02:17:42
Glenrothes,0.2,0.35,0.03,0.43,0.0,0.0,0.0,0.0,S14000036,2017-06-09 02:17:52
"Sheffield, Brightside and Hillsborough",0.22,0.67,0.02,0.0,0.0,0.02,0.06,0.0,E14000921,2017-06-09 02:18:12
Rushcliffe,0.52,0.38,0.05,0.0,0.0,0.03,0.03,0.0,E14000908,2017-06-09 02:18:22
Moray,0.48,0.11,0.02,0.39,0.0,0.0,0.0,0.0,S14000046,2017-06-09 02:18:42
Garston and Halewood,0.18,0.78,0.03,0.0,0.0,0.01,0.0,0.0,E14000708,2017-06-09 02:19:12
Wycombe,0.5,0.38,0.08,0.0,0.0,0.02,0.02,0.0,E14001056,2017-06-09 02:19:23
Tamworth,0.61,0.35,0.04,0.0,0.0,0.0,0.0,0.0,E14000986,2017-06-09 02:20:22
Blackburn,0.27,0.7,0.02,0.0,0.0,0.0,0.0,0.02,E14000570,2017-06-09 02:20:32
Wellingborough,0.57,0.34,0.03,0.0,0.0,0.02,0.03,0.0,E14001025,2017-06-09 02:20:42
Rhondda,0.1,0.64,0.01,0.0,0.22,0.0,0.03,0.0,W07000052,2017-06-09 02:20:52
Bootle,0.12,0.84,0.02,0.0,0.0,0.01,0.0,0.01,E14000581,2017-06-09 02:21:52
Huntingdon,0.55,0.31,0.08,0.0,0.0,0.02,0.04,0.0,E14000757,2017-06-09 02:22:02
Inverclyde,0.22,0.38,0.02,0.38,0.0,0.0,0.0,0.0,S14000038,2017-06-09 02:22:13
Great Grimsby,0.42,0.49,0.03,0.0,0.0,0.0,0.05,0.01,E14000716,2017-06-09 02:22:23
Amber Valley,0.56,0.38,0.02,0.0,0.0,0.01,0.0,0.01,E14000533,2017-06-09 02:22:32
Wolverhampton South East,0.35,0.58,0.01,0.0,0.0,0.01,0.05,0.0,E14001050,2017-06-09 02:22:42
Pendle,0.49,0.46,0.02,0.0,0.0,0.01,0.0,0.02,E14000875,2017-06-09 02:22:52
Wyre Forest,0.58,0.32,0.04,0.0,0.0,0.02,0.04,0.0,E14001058,2017-06-09 02:23:02
Dundee West,0.16,0.33,0.03,0.47,0.0,0.0,0.0,0.01,S14000016,2017-06-09 02:23:32
Rochford and Southend East,0.49,0.37,0.03,0.0,0.0,0.02,0.04,0.06,E14000899,2017-06-09 02:23:42
Ochil and South Perthshire,0.42,0.2,0.03,0.35,0.0,0.0,0.0,0.0,S14000050,2017-06-09 02:24:33
Mid Worcestershire,0.65,0.23,0.06,0.0,0.0,0.02,0.03,0.0,E14000818,2017-06-09 02:24:52
Wirral South,0.39,0.57,0.03,0.0,0.0,0.01,0.0,0.0,E14001043,2017-06-09 02:25:03
Bridgend,0.4,0.51,0.02,0.0,0.04,0.0,0.02,0.02,W07000073,2017-06-09 02:25:13
Sutton Coldfield,0.61,0.32,0.04,0.0,0.0,0.02,0.0,0.01,E14000985,2017-06-09 02:25:23
Doncaster Central,0.34,0.58,0.02,0.0,0.0,0.0,0.0,0.05,E14000668,2017-06-09 02:25:32
Aldershot,0.55,0.32,0.07,0.0,0.0,0.02,0.04,0.0,E14000530,2017-06-09 02:25:43
Montgomeryshire,0.52,0.16,0.25,0.0,0.06,0.02,0.0,0.0,W07000063,2017-06-09 02:25:53
Midlothian,0.25,0.36,0.04,0.34,0.0,0.0,0.0,0.0,S14000045,2017-06-09 02:26:12
East Surrey,0.6,0.19,0.1,0.0,0.0,0.02,0.04,0.05,E14000681,2017-06-09 02:26:42
Christchurch,0.7,0.2,0.08,0.0,0.0,0.03,0.0,0.0,E14000638,2017-06-09 02:26:53
Chorley,0.42,0.55,0.02,0.0,0.0,0.01,0.0,0.0,E14000637,2017-06-09 02:27:03
South Cambridgeshire,0.52,0.27,0.19,0.0,0.0,0.02,0.0,0.0,E14000934,2017-06-09 02:27:23
Aberdeen North,0.23,0.3,0.05,0.41,0.0,0.0,0.0,0.01,S14000001,2017-06-09 02:27:33
Cynon Valley,0.19,0.61,0.02,0.0,0.14,0.0,0.04,0.0,W07000070,2017-06-09 02:27:42
Southend West,0.55,0.34,0.04,0.0,0.0,0.02,0.04,0.01,E14000957,2017-06-09 02:28:33
Rochdale,0.28,0.58,0.08,0.0,0.0,0.0,0.03,0.02,E14000897,2017-06-09 02:28:43
Ynys Mon,0.28,0.42,0.01,0.0,0.27,0.0,0.02,0.0,W07000041,2017-06-09 02:29:13
Southport,0.39,0.33,0.26,0.0,0.0,0.0,0.02,0.0,E14000958,2017-06-09 02:30:02
"Sheffield, Heeley",0.29,0.6,0.05,0.0,0.0,0.02,0.04,0.0,E14000923,2017-06-09 02:30:13
North Durham,0.3,0.6,0.05,0.0,0.0,0.0,0.06,0.0,E14000840,2017-06-09 02:30:23
Neath,0.24,0.57,0.02,0.0,0.14,0.0,0.04,0.0,W07000069,2017-06-09 02:30:33
Wolverhampton South West,0.44,0.49,0.02,0.0,0.0,0.01,0.02,0.01,E14001051,2017-06-09 02:31:24
Bristol South,0.31,0.6,0.03,0.0,0.0,0.03,0.03,0.0,E14000601,2017-06-09 02:31:33
Aberconwy,0.45,0.43,0.03,0.0,0.1,0.0,0.0,0.0,W07000058,2017-06-09 02:32:03
Blackpool North and Cleveleys,0.49,0.44,0.02,0.0,0.0,0.01,0.03,0.0,E14000572,2017-06-09 02:32:33
Bury South,0.42,0.53,0.02,0.0,0.0,0.0,0.03,0.0,E14000612,2017-06-09 02:33:53
Barnsley Central,0.24,0.64,0.01,0.0,0.0,0.02,0.08,0.01,E14000541,2017-06-09 02:35:13
Cardiff Central,0.2,0.62,0.13,0.0,0.02,0.01,0.01,0.0,W07000050,2017-06-09 02:35:43
Kingston upon Hull East,0.3,0.58,0.03,0.0,0.0,0.01,0.07,0.0,E14000771,2017-06-09 02:35:53
Westminster North,0.33,0.6,0.05,0.0,0.0,0.01,0.0,0.0,E14001036,2017-06-09 02:36:23
South West Bedfordshire,0.59,0.34,0.05,0.0,0.0,0.02,0.0,0.01,E14000949,2017-06-09 02:36:33
Burton,0.58,0.38,0.02,0.0,0.0,0.02,0.0,0.0,E14000610,2017-06-09 02:36:43
Bromsgrove,0.62,0.31,0.05,0.0,0.0,0.02,0.0,0.0,E14000605,2017-06-09 02:36:53
Sheffield South East,0.32,0.58,0.03,0.0,0.0,0.0,0.06,0.0,E14000920,2017-06-09 02:37:03
Monmouth,0.53,0.37,0.04,0.0,0.03,0.02,0.02,0.0,W07000054,2017-06-09 02:37:14
Nottingham South,0.31,0.62,0.03,0.0,0.0,0.01,0.02,0.0,E14000867,2017-06-09 02:37:43
Eastleigh,0.5,0.2,0.26,0.0,0.0,0.01,0.03,0.0,E14000685,2017-06-09 02:38:03
Brecon and Radnorshire,0.49,0.18,0.29,0.0,0.03,0.0,0.01,0.0,W07000068,2017-06-09 02:38:13
"Liverpool, West Derby",0.1,0.83,0.01,0.0,0.0,0.01,0.0,0.05,E14000796,2017-06-09 02:39:03
Coventry South,0.38,0.55,0.03,0.0,0.0,0.01,0.02,0.0,E14000651,2017-06-09 02:39:44
Harwich and North Essex,0.58,0.3,0.05,0.0,0.0,0.02,0.03,0.0,E14000734,2017-06-09 02:40:14
Tunbridge Wells,0.57,0.26,0.1,0.0,0.0,0.03,0.03,0.01,E14001004,2017-06-09 02:40:24
Bolton North East,0.42,0.51,0.03,0.0,0.0,0.01,0.04,0.0,E14000578,2017-06-09 02:41:24
Aberavon,0.18,0.68,0.02,0.0,0.08,0.0,0.04,0.0,W07000049,2017-06-09 02:41:43
East Renfrewshire,0.4,0.27,0.02,0.31,0.0,0.0,0.0,0.0,S14000021,2017-06-09 02:41:54
Ealing North,0.28,0.66,0.02,0.0,0.0,0.01,0.02,0.0,E14000675,2017-06-09 02:42:03
Bristol East,0.34,0.61,0.03,0.0,0.0,0.02,0.0,0.0,E14000599,2017-06-09 02:42:13
Bishop Auckland,0.47,0.48,0.03,0.0,0.0,0.0,0.0,0.02,E14000569,2017-06-09 02:42:34
East Dunbartonshire,0.15,0.14,0.41,0.3,0.0,0.0,0.0,0.0,S14000018,2017-06-09 02:42:44
Alyn and Deeside,0.4,0.52,0.02,0.0,0.03,0.0,0.02,0.0,W07000043,2017-06-09 02:42:54
West Worcestershire,0.62,0.24,0.09,0.0,0.0,0.03,0.03,0.0,E14001035,2017-06-09 02:43:14
High Peak,0.45,0.5,0.05,0.0,0.0,0.0,0.0,0.0,E14000748,2017-06-09 02:43:24
Eltham,0.41,0.54,0.03,0.0,0.0,0.0,0.0,0.02,E14000690,2017-06-09 02:43:34
Mitcham and Morden,0.24,0.69,0.03,0.0,0.0,0.01,0.02,0.0,E14000823,2017-06-09 02:43:44
Solihull,0.58,0.22,0.16,0.0,0.0,0.02,0.02,0.0,E14000931,2017-06-09 02:43:54
Stevenage,0.5,0.43,0.04,0.0,0.0,0.02,0.0,0.0,E14000968,2017-06-09 02:44:04
Coventry North East,0.3,0.63,0.02,0.0,0.0,0.01,0.03,0.0,E14000649,2017-06-09 02:44:14
Surrey Heath,0.64,0.21,0.11,0.0,0.0,0.04,0.0,0.0,E14000983,2017-06-09 02:44:24
West Suffolk,0.61,0.28,0.04,0.0,0.0,0.02,0.05,0.0,E14001034,2017-06-09 02:45:34
Dwyfor Meirionnydd,0.29,0.21,0.03,0.0,0.45,0.0,0.02,0.0,W07000061,2017-06-09 02:45:44
Wokingham,0.57,0.25,0.16,0.0,0.0,0.02,0.0,0.0,E14001048,2017-06-09 02:46:04
Somerton and Frome,0.57,0.17,0.21,0.0,0.0,0.03,0.0,0.02,E14000932,2017-06-09 02:46:34
Wealden,0.61,0.22,0.1,0.0,0.0,0.03,0.03,0.0,E14001023,2017-06-09 02:46:44
Nottingham North,0.31,0.6,0.02,0.0,0.0,0.01,0.06,0.0,E14000866,2017-06-09 02:46:54
Grantham and Stamford,0.62,0.26,0.06,0.0,0.0,0.01,0.03,0.02,E14000714,2017-06-09 02:47:04
Glasgow East,0.19,0.39,0.02,0.39,0.0,0.0,0.01,0.01,S14000030,2017-06-09 02:47:14
Gower,0.43,0.5,0.02,0.0,0.04,0.0,0.01,0.0,W07000046,2017-06-09 02:47:24
Hyndburn,0.4,0.53,0.02,0.0,0.0,0.0,0.04,0.0,E14000758,2017-06-09 02:47:54
Worsley and Eccles South,0.39,0.57,0.02,0.0,0.0,0.02,0.0,0.0,E14001054,2017-06-09 02:48:04
Newbury,0.62,0.14,0.21,0.0,0.0,0.02,0.0,0.0,E14000830,2017-06-09 02:48:14
Romford,0.59,0.32,0.02,0.0,0.0,0.02,0.05,0.0,E14000900,2017-06-09 02:48:24
Uxbridge and South Ruislip,0.51,0.4,0.04,0.0,0.0,0.02,0.03,0.0,E14001007,2017-06-09 02:48:34
New Forest East,0.63,0.2,0.15,0.0,0.0,0.02,0.0,0.0,E14000827,2017-06-09 02:49:15
"Sheffield, Hallam",0.24,0.38,0.35,0.0,0.0,0.01,0.02,0.0,E14000922,2017-06-09 02:49:25
"Birmingham, Northfield",0.43,0.53,0.02,0.0,0.0,0.02,0.0,0.0,E14000565,2017-06-09 02:49:34
Guildford,0.55,0.19,0.24,0.0,0.0,0.02,0.0,0.0,E14000719,2017-06-09 02:49:54
Mid Norfolk,0.59,0.3,0.05,0.0,0.0,0.02,0.04,0.0,E14000816,2017-06-09 02:50:04
St Albans,0.43,0.23,0.32,0.0,0.0,0.02,0.0,0.0,E14000960,2017-06-09 02:50:34
"Birmingham, Edgbaston",0.4,0.55,0.04,0.0,0.0,0.01,0.0,0.0,E14000560,2017-06-09 02:51:14
"Birmingham, Yardley",0.2,0.57,0.18,0.0,0.0,0.01,0.04,0.0,E14000568,2017-06-09 02:51:24
South Holland and The Deepings,0.7,0.2,0.03,0.0,0.0,0.02,0.04,0.01,E14000939,2017-06-09 02:51:34
Don Valley,0.42,0.53,0.02,0.0,0.0,0.0,0.0,0.03,E14000667,2017-06-09 02:51:44
Watford,0.46,0.42,0.09,0.0,0.0,0.01,0.02,0.0,E14001021,2017-06-09 02:51:54
Coventry North West,0.37,0.54,0.03,0.0,0.0,0.01,0.03,0.02,E14000650,2017-06-09 02:52:34
Blackley and Broughton,0.22,0.7,0.02,0.0,0.0,0.01,0.04,0.0,E14000571,2017-06-09 02:52:44
Scarborough and Whitby,0.48,0.42,0.03,0.0,0.0,0.02,0.03,0.02,E14000913,2017-06-09 02:52:55
Chingford and Woodford Green,0.49,0.44,0.04,0.0,0.0,0.03,0.0,0.0,E14000634,2017-06-09 02:53:04
Colchester,0.46,0.35,0.17,0.0,0.0,0.02,0.0,0.0,E14000644,2017-06-09 02:53:15
Stroud,0.46,0.47,0.03,0.0,0.0,0.02,0.02,0.0,E14000980,2017-06-09 02:53:24
Walsall North,0.5,0.43,0.02,0.0,0.0,0.0,0.06,0.0,E14001011,2017-06-09 02:53:34
Doncaster North,0.28,0.61,0.02,0.0,0.0,0.0,0.06,0.03,E14000669,2017-06-09 02:53:44
Epsom and Ewell,0.6,0.25,0.12,0.0,0.0,0.03,0.0,0.0,E14000694,2017-06-09 02:54:04
Glasgow Central,0.14,0.38,0.03,0.45,0.0,0.0,0.0,0.0,S14000029,2017-06-09 02:54:14
Clwyd West,0.48,0.4,0.03,0.0,0.1,0.0,0.0,0.0,W07000059,2017-06-09 02:54:24
Twickenham,0.38,0.09,0.53,0.0,0.0,0.0,0.0,0.0,E14001005,2017-06-09 02:54:35
Meriden,0.62,0.27,0.05,0.0,0.0,0.03,0.04,0.0,E14000812,2017-06-09 02:55:15
Bristol North West,0.42,0.51,0.05,0.0,0.0,0.02,0.0,0.0,E14000600,2017-06-09 02:55:25
Kenilworth and Southam,0.61,0.26,0.1,0.0,0.0,0.02,0.02,0.0,E14000767,2017-06-09 02:55:35
Kingston upon Hull West and Hessle,0.3,0.53,0.06,0.0,0.0,0.01,0.04,0.06,E14000773,2017-06-09 02:55:45
North West Durham,0.34,0.53,0.07,0.0,0.0,0.01,0.04,0.0,E14000856,2017-06-09 02:55:55
Bristol West,0.14,0.66,0.07,0.0,0.0,0.13,0.0,0.0,E14000602,2017-06-09 02:56:25
Ashford,0.59,0.3,0.05,0.0,0.0,0.02,0.04,0.0,E14000536,2017-06-09 02:56:45
"Birmingham, Erdington",0.38,0.58,0.02,0.0,0.0,0.02,0.0,0.0,E14000561,2017-06-09 02:56:55
The Wrekin,0.55,0.36,0.03,0.0,0.0,0.02,0.03,0.01,E14000992,2017-06-09 02:57:15
Nottingham East,0.22,0.72,0.03,0.0,0.0,0.02,0.02,0.0,E14000865,2017-06-09 02:58:05
Salford and Eccles,0.25,0.66,0.03,0.0,0.0,0.02,0.05,0.0,E14000911,2017-06-09 02:58:16
Salisbury,0.58,0.26,0.11,0.0,0.0,0.02,0.02,0.01,E14000912,2017-06-09 02:58:26
Glasgow North East,0.13,0.43,0.02,0.42,0.0,0.0,0.0,0.0,S14000032,2017-06-09 02:58:35
Cleethorpes,0.57,0.35,0.02,0.0,0.0,0.01,0.04,0.0,E14000643,2017-06-09 02:58:45
Norwich North,0.48,0.47,0.03,0.0,0.0,0.02,0.0,0.01,E14000863,2017-06-09 02:59:35
Ribble Valley,0.58,0.34,0.06,0.0,0.0,0.02,0.0,0.0,E14000894,2017-06-09 02:59:55
Wythenshawe and Sale East,0.3,0.62,0.03,0.0,0.0,0.01,0.03,0.0,E14001059,2017-06-09 03:00:05
Chesham and Amersham,0.61,0.21,0.13,0.0,0.0,0.03,0.03,0.0,E14000631,2017-06-09 03:00:35
Copeland,0.49,0.45,0.03,0.0,0.0,0.0,0.02,0.0,E14000647,2017-06-09 03:01:26
Cambridge,0.16,0.52,0.29,0.0,0.0,0.02,0.0,0.0,E14000617,2017-06-09 03:01:35
Swansea East,0.26,0.63,0.02,0.0,0.05,0.01,0.03,0.0,W07000048,2017-06-09 03:02:15
Wimbledon,0.46,0.36,0.14,0.0,0.0,0.02,0.01,0.0,E14001040,2017-06-09 03:03:25
Beaconsfield,0.65,0.21,0.08,0.0,0.0,0.02,0.03,0.0,E14000550,2017-06-09 03:03:35
Gosport,0.62,0.27,0.05,0.0,0.0,0.02,0.04,0.01,E14000713,2017-06-09 03:04:55
The Cotswolds,0.61,0.18,0.16,0.0,0.0,0.03,0.02,0.0,E14000991,2017-06-09 03:05:05
South Dorset,0.56,0.34,0.06,0.0,0.0,0.04,0.0,0.0,E14000936,2017-06-09 03:05:25
Manchester Central,0.14,0.77,0.03,0.0,0.0,0.02,0.03,0.0,E14000807,2017-06-09 03:05:35
Glasgow North,0.15,0.34,0.03,0.38,0.0,0.1,0.0,0.0,S14000031,2017-06-09 03:05:45
"Birmingham, Ladywood",0.13,0.83,0.03,0.0,0.0,0.01,0.0,0.0,E14000564,2017-06-09 03:06:05
Chippenham,0.55,0.2,0.26,0.0,0.0,0.0,0.0,0.0,E14000635,2017-06-09 03:07:16
Worcester,0.48,0.43,0.03,0.0,0.0,0.02,0.03,0.0,E14001052,2017-06-09 03:07:26
"Inverness, Nairn, Badenoch and Strathspey",0.3,0.16,0.12,0.4,0.0,0.0,0.0,0.01,S14000039,2017-06-09 03:07:35
East Lothian,0.3,0.36,0.03,0.31,0.0,0.0,0.0,0.01,S14000020,2017-06-09 03:07:46
Islington North,0.12,0.73,0.09,0.0,0.0,0.04,0.01,0.01,E14000763,2017-06-09 03:08:06
Sedgefield,0.39,0.53,0.02,0.0,0.0,0.02,0.04,0.0,E14000915,2017-06-09 03:08:45
Aberdeen South,0.42,0.21,0.06,0.32,0.0,0.0,0.0,0.0,S14000002,2017-06-09 03:09:16
"Ayr, Carrick and Cumnock",0.4,0.24,0.02,0.34,0.0,0.0,0.0,0.0,S14000006,2017-06-09 03:09:26
North West Norfolk,0.6,0.32,0.03,0.0,0.0,0.02,0.03,0.0,E14000859,2017-06-09 03:09:46
Clacton,0.61,0.25,0.02,0.0,0.0,0.02,0.08,0.02,E14000642,2017-06-09 03:09:56
Ellesmere Port and Neston,0.37,0.59,0.02,0.0,0.0,0.01,0.02,0.0,E14000688,2017-06-09 03:10:06
Bolton South East,0.3,0.61,0.02,0.0,0.0,0.01,0.07,0.0,E14000579,2017-06-09 03:10:16
Isle of Wight,0.51,0.23,0.04,0.0,0.0,0.17,0.03,0.02,E14000762,2017-06-09 03:10:27
Cardiff North,0.42,0.5,0.03,0.0,0.03,0.0,0.01,0.0,W07000051,2017-06-09 03:10:46
Hayes and Harlington,0.29,0.66,0.01,0.0,0.0,0.01,0.02,0.0,E14000737,2017-06-09 03:11:26
South Ribble,0.53,0.39,0.04,0.0,0.0,0.01,0.02,0.01,E14000943,2017-06-09 03:11:36
Norwich South,0.31,0.61,0.06,0.0,0.0,0.03,0.0,0.0,E14000864,2017-06-09 03:11:46
Gravesham,0.56,0.36,0.02,0.0,0.0,0.02,0.04,0.0,E14000715,2017-06-09 03:11:56
Greenwich and Woolwich,0.25,0.64,0.07,0.0,0.0,0.03,0.0,0.0,E14000718,2017-06-09 03:12:06
Lewes,0.5,0.11,0.39,0.0,0.0,0.0,0.0,0.0,E14000786,2017-06-09 03:12:16
Cannock Chase,0.55,0.37,0.02,0.0,0.0,0.02,0.04,0.0,E14000618,2017-06-09 03:12:26
Redcar,0.33,0.56,0.07,0.0,0.0,0.0,0.05,0.0,E14000891,2017-06-09 03:12:36
Airdrie and Shotts,0.23,0.37,0.02,0.38,0.0,0.0,0.0,0.0,S14000003,2017-06-09 03:12:46
Glasgow South,0.19,0.37,0.03,0.41,0.0,0.0,0.0,0.0,S14000034,2017-06-09 03:12:56
Perth and North Perthshire,0.42,0.1,0.05,0.42,0.0,0.0,0.0,0.0,S14000054,2017-06-09 03:13:06
Dartford,0.58,0.33,0.03,0.0,0.0,0.02,0.05,0.0,E14000659,2017-06-09 03:13:17
Leyton and Wanstead,0.21,0.7,0.06,0.0,0.0,0.03,0.0,0.0,E14000790,2017-06-09 03:13:27
Kirkcaldy and Cowdenbeath,0.23,0.37,0.02,0.36,0.0,0.0,0.01,0.0,S14000041,2017-06-09 03:13:36
Suffolk Coastal,0.58,0.3,0.07,0.0,0.0,0.03,0.0,0.01,E14000981,2017-06-09 03:13:46
Edinburgh East,0.19,0.35,0.04,0.42,0.0,0.0,0.0,0.0,S14000022,2017-06-09 03:14:06
Peterborough,0.47,0.48,0.03,0.0,0.0,0.02,0.0,0.0,E14000878,2017-06-09 03:14:16
Telford,0.49,0.47,0.02,0.0,0.0,0.02,0.0,0.0,E14000989,2017-06-09 03:14:26
Stafford,0.55,0.4,0.03,0.0,0.0,0.02,0.0,0.0,E14000965,2017-06-09 03:14:36
Great Yarmouth,0.54,0.36,0.02,0.0,0.0,0.01,0.06,0.0,E14000717,2017-06-09 03:14:46
Bedford,0.45,0.47,0.06,0.0,0.0,0.02,0.0,0.0,E14000552,2017-06-09 03:14:56
New Forest West,0.67,0.2,0.1,0.0,0.0,0.03,0.0,0.01,E14000828,2017-06-09 03:15:06
Hornchurch and Upminster,0.6,0.29,0.02,0.0,0.0,0.02,0.06,0.01,E14000751,2017-06-09 03:15:16
Bath,0.36,0.15,0.47,0.0,0.0,0.02,0.0,0.0,E14000547,2017-06-09 03:15:26
Tonbridge and Malling,0.64,0.22,0.07,0.0,0.0,0.04,0.03,0.0,E14000997,2017-06-09 03:15:46
Lewisham East,0.23,0.68,0.04,0.0,0.0,0.02,0.02,0.01,E14000787,2017-06-09 03:16:36
Reigate,0.57,0.25,0.11,0.0,0.0,0.04,0.03,0.0,E14000893,2017-06-09 03:16:46
Aldridge-Brownhills,0.65,0.3,0.03,0.0,0.0,0.0,0.0,0.02,E14000531,2017-06-09 03:16:56
Sittingbourne and Sheppey,0.6,0.31,0.03,0.0,0.0,0.01,0.0,0.05,E14000927,2017-06-09 03:17:06
"Manchester, Withington",0.1,0.72,0.16,0.0,0.0,0.02,0.0,0.0,E14000809,2017-06-09 03:17:26
Bradford South,0.38,0.54,0.01,0.0,0.0,0.01,0.04,0.01,E14000588,2017-06-09 03:18:06
Merthyr Tydfil and Rhymney,0.18,0.67,0.02,0.0,0.08,0.0,0.04,0.0,W07000071,2017-06-09 03:18:16
South Derbyshire,0.59,0.36,0.04,0.0,0.0,0.02,0.0,0.0,E14000935,2017-06-09 03:19:17
Leicester West,0.31,0.61,0.02,0.0,0.0,0.02,0.04,0.0,E14000784,2017-06-09 03:19:27
Selby and Ainsty,0.59,0.34,0.04,0.0,0.0,0.0,0.03,0.0,E14000917,2017-06-09 03:20:16
North Wiltshire,0.6,0.18,0.18,0.0,0.0,0.02,0.02,0.01,E14000860,2017-06-09 03:20:27
Easington,0.23,0.64,0.01,0.0,0.0,0.01,0.05,0.06,E14000677,2017-06-09 03:20:47
Leeds West,0.26,0.64,0.02,0.0,0.0,0.02,0.04,0.01,E14000781,2017-06-09 03:20:56
North West Cambridgeshire,0.59,0.3,0.05,0.0,0.0,0.02,0.04,0.0,E14000855,2017-06-09 03:21:07
"Birmingham, Selly Oak",0.32,0.63,0.03,0.0,0.0,0.02,0.0,0.0,E14000567,2017-06-09 03:21:16
Gloucester,0.5,0.4,0.05,0.0,0.0,0.01,0.03,0.0,E14000712,2017-06-09 03:21:27
Maidenhead,0.65,0.19,0.11,0.0,0.0,0.02,0.02,0.02,E14000803,2017-06-09 03:21:36
Middlesbrough South and East Cleveland,0.5,0.48,0.03,0.0,0.0,0.0,0.0,0.0,E14000820,2017-06-09 03:21:47
Louth and Horncastle,0.64,0.27,0.04,0.0,0.0,0.0,0.05,0.01,E14000798,2017-06-09 03:21:57
North Norfolk,0.42,0.1,0.48,0.0,0.0,0.0,0.0,0.0,E14000848,2017-06-09 03:22:07
Glasgow South West,0.16,0.4,0.02,0.41,0.0,0.0,0.01,0.0,S14000035,2017-06-09 03:22:17
Hackney North and Stoke Newington,0.13,0.75,0.07,0.0,0.0,0.05,0.0,0.01,E14000720,2017-06-09 03:22:27
Cardiff South and Penarth,0.3,0.6,0.03,0.0,0.04,0.01,0.02,0.0,W07000080,2017-06-09 03:23:37
Mole Valley,0.62,0.14,0.19,0.0,0.0,0.03,0.02,0.0,E14000824,2017-06-09 03:23:47
South West Wiltshire,0.6,0.26,0.1,0.0,0.0,0.03,0.0,0.01,E14000954,2017-06-09 03:23:57
Bolton West,0.48,0.46,0.03,0.0,0.0,0.0,0.03,0.0,E14000580,2017-06-09 03:24:47
Penistone and Stocksbridge,0.43,0.46,0.04,0.0,0.0,0.0,0.07,0.0,E14000876,2017-06-09 03:24:57
Woking,0.54,0.24,0.18,0.0,0.0,0.02,0.02,0.0,E14001047,2017-06-09 03:25:07
Bognor Regis and Littlehampton,0.59,0.25,0.06,0.0,0.0,0.02,0.04,0.04,E14000576,2017-06-09 03:25:17
Harrow West,0.34,0.61,0.02,0.0,0.0,0.01,0.01,0.0,E14000732,2017-06-09 03:25:37
Westmorland and Lonsdale,0.44,0.09,0.46,0.0,0.0,0.0,0.0,0.01,E14001037,2017-06-09 03:25:47
Portsmouth South,0.38,0.41,0.17,0.0,0.0,0.02,0.02,0.0,E14000884,2017-06-09 03:26:07
"Manchester, Gorton",0.07,0.76,0.06,0.0,0.0,0.02,0.02,0.06,E14000808,2017-06-09 03:26:27
Sutton and Cheam,0.51,0.2,0.27,0.0,0.0,0.02,0.0,0.0,E14000984,2017-06-09 03:26:37
Exeter,0.33,0.62,0.03,0.0,0.0,0.02,0.0,0.0,E14000698,2017-06-09 03:26:47
Romsey and Southampton North,0.57,0.19,0.21,0.0,0.0,0.02,0.0,0.0,E14000901,2017-06-09 03:26:57
East Hampshire,0.64,0.17,0.15,0.0,0.0,0.03,0.0,0.01,E14000680,2017-06-09 03:27:07
"Coatbridge, Chryston and Bellshill",0.16,0.43,0.02,0.39,0.0,0.0,0.0,0.0,S14000011,2017-06-09 03:27:47
Lichfield,0.64,0.29,0.05,0.0,0.0,0.03,0.0,0.0,E14000791,2017-06-09 03:28:17
"Lewisham, Deptford",0.14,0.77,0.05,0.0,0.0,0.03,0.0,0.01,E14000789,2017-06-09 03:28:27
Hitchin and Harpenden,0.53,0.33,0.11,0.0,0.0,0.02,0.0,0.01,E14000749,2017-06-09 03:28:57
Walsall South,0.37,0.57,0.01,0.0,0.0,0.0,0.04,0.0,E14001012,2017-06-09 03:29:07
Leeds Central,0.2,0.7,0.02,0.0,0.0,0.02,0.04,0.0,E14000777,2017-06-09 03:29:27
Canterbury,0.45,0.45,0.08,0.0,0.0,0.02,0.0,0.0,E14000619,2017-06-09 03:29:37
Eastbourne,0.44,0.08,0.47,0.0,0.0,0.01,0.0,0.0,E14000684,2017-06-09 03:30:07
West Lancashire,0.37,0.59,0.02,0.0,0.0,0.01,0.0,0.0,E14001033,2017-06-09 03:30:17
Boston and Skegness,0.64,0.25,0.02,0.0,0.0,0.01,0.08,0.01,E14000582,2017-06-09 03:30:57
Oldham East and Saddleworth,0.37,0.54,0.04,0.0,0.0,0.0,0.05,0.0,E14000870,2017-06-09 03:31:07
Witney,0.56,0.21,0.2,0.0,0.0,0.02,0.02,0.0,E14001046,2017-06-09 03:31:57
Barking,0.22,0.68,0.01,0.0,0.0,0.02,0.06,0.0,E14000540,2017-06-09 03:32:07
Lewisham West and Penge,0.23,0.67,0.06,0.0,0.0,0.02,0.01,0.01,E14000788,2017-06-09 03:32:37
Warwick and Leamington,0.44,0.47,0.05,0.0,0.0,0.02,0.02,0.0,E14001019,2017-06-09 03:33:07
Bournemouth West,0.54,0.36,0.07,0.0,0.0,0.03,0.0,0.01,E14000585,2017-06-09 03:33:18
North Devon,0.46,0.13,0.38,0.0,0.0,0.01,0.02,0.0,E14000838,2017-06-09 03:33:27
Warrington North,0.37,0.56,0.02,0.0,0.0,0.01,0.03,0.0,E14001017,2017-06-09 03:33:38
West Ham,0.16,0.77,0.03,0.0,0.0,0.02,0.02,0.01,E14001032,2017-06-09 03:33:47
Dagenham and Rainham,0.4,0.5,0.01,0.0,0.0,0.01,0.07,0.01,E14000657,2017-06-09 03:34:37
Forest of Dean,0.54,0.36,0.04,0.0,0.0,0.02,0.02,0.01,E14000705,2017-06-09 03:34:48
Windsor,0.64,0.23,0.1,0.0,0.0,0.03,0.0,0.0,E14001042,2017-06-09 03:34:57
"Birmingham, Hodge Hill",0.14,0.81,0.02,0.0,0.0,0.01,0.02,0.0,E14000563,2017-06-09 03:35:58
Carshalton and Wallington,0.38,0.18,0.41,0.0,0.0,0.01,0.0,0.01,E14000621,2017-06-09 03:36:08
Morley and Outwood,0.51,0.47,0.03,0.0,0.0,0.0,0.0,0.0,E14000826,2017-06-09 03:36:18
Kingston and Surbiton,0.38,0.15,0.45,0.0,0.0,0.01,0.01,0.0,E14000770,2017-06-09 03:36:28
Carmarthen West and Pembrokeshire South,0.47,0.4,0.02,0.0,0.09,0.0,0.02,0.0,W07000066,2017-06-09 03:36:58
Harborough,0.52,0.31,0.13,0.0,0.0,0.02,0.02,0.0,E14000728,2017-06-09 03:37:08
North Dorset,0.65,0.19,0.14,0.0,0.0,0.03,0.0,0.0,E14000839,2017-06-09 03:37:18
Linlithgow and East Falkirk,0.29,0.31,0.03,0.36,0.0,0.0,0.0,0.0,S14000043,2017-06-09 03:37:28
"Caithness, Sutherland and Easter Ross",0.23,0.12,0.36,0.29,0.0,0.0,0.0,0.0,S14000009,2017-06-09 03:37:48
Bournemouth East,0.52,0.36,0.06,0.0,0.0,0.02,0.03,0.01,E14000584,2017-06-09 03:38:18
Derby North,0.44,0.48,0.05,0.0,0.0,0.0,0.02,0.0,E14000662,2017-06-09 03:38:48
Harrow East,0.49,0.46,0.03,0.0,0.0,0.02,0.0,0.0,E14000731,2017-06-09 03:39:38
Derbyshire Dales,0.6,0.31,0.06,0.0,0.0,0.02,0.0,0.01,E14000664,2017-06-09 03:39:48
"Cumbernauld, Kilsyth and Kirkintilloch East",0.18,0.34,0.03,0.44,0.0,0.0,0.01,0.0,S14000012,2017-06-09 03:40:28
Bexleyheath and Crayford,0.56,0.36,0.03,0.0,0.0,0.01,0.04,0.01,E14000558,2017-06-09 03:41:38
"Ruislip, Northwood and Pinner",0.57,0.31,0.07,0.0,0.0,0.02,0.02,0.0,E14000906,2017-06-09 03:41:48
"Birmingham, Hall Green",0.15,0.78,0.06,0.0,0.0,0.02,0.0,0.0,E14000562,2017-06-09 03:42:08
Leicester East,0.24,0.67,0.03,0.0,0.0,0.02,0.0,0.04,E14000782,2017-06-09 03:42:28
Thurrock,0.4,0.39,0.02,0.0,0.0,0.0,0.2,0.0,E14000995,2017-06-09 03:42:38
Hammersmith,0.28,0.64,0.05,0.0,0.0,0.02,0.01,0.0,E14000726,2017-06-09 03:42:58
South Suffolk,0.6,0.28,0.06,0.0,0.0,0.03,0.03,0.0,E14000946,2017-06-09 03:43:38
Beverley and Holderness,0.58,0.33,0.05,0.0,0.0,0.01,0.0,0.02,E14000556,2017-06-09 03:43:58
North East Somerset,0.54,0.35,0.08,0.0,0.0,0.02,0.0,0.01,E14000846,2017-06-09 03:44:18
South Northamptonshire,0.62,0.27,0.06,0.0,0.0,0.02,0.02,0.0,E14000942,2017-06-09 03:44:28
Dudley South,0.56,0.36,0.02,0.0,0.0,0.01,0.05,0.0,E14000672,2017-06-09 03:44:48
Chesterfield,0.35,0.55,0.05,0.0,0.0,0.02,0.03,0.0,E14000632,2017-06-09 03:44:58
Waveney,0.54,0.37,0.02,0.0,0.0,0.02,0.04,0.01,E14001022,2017-06-09 03:47:18
City of Chester,0.4,0.57,0.03,0.0,0.0,0.0,0.0,0.0,E14000640,2017-06-09 03:47:59
Saffron Walden,0.62,0.21,0.14,0.0,0.0,0.0,0.03,0.0,E14000910,2017-06-09 03:48:09
Slough,0.32,0.63,0.02,0.0,0.0,0.0,0.02,0.01,E14000930,2017-06-09 03:48:19
Stalybridge and Hyde,0.38,0.57,0.02,0.0,0.0,0.02,0.0,0.0,E14000967,2017-06-09 03:48:29
Oldham West and Royton,0.28,0.65,0.02,0.0,0.0,0.01,0.04,0.0,E14000871,2017-06-09 03:48:39
Newark,0.63,0.3,0.05,0.0,0.0,0.0,0.03,0.0,E14000829,2017-06-09 03:48:49
Brent Central,0.2,0.73,0.05,0.0,0.0,0.02,0.01,0.0,E14000591,2017-06-09 03:49:49
Edinburgh West,0.22,0.15,0.34,0.29,0.0,0.0,0.0,0.0,S14000026,2017-06-09 03:50:19
Vauxhall,0.19,0.57,0.21,0.0,0.0,0.02,0.0,0.01,E14001008,2017-06-09 03:51:09
Bassetlaw,0.43,0.53,0.02,0.0,0.0,0.0,0.0,0.02,E14000546,2017-06-09 03:52:19
Chelsea and Fulham,0.53,0.33,0.11,0.0,0.0,0.02,0.01,0.0,E14000629,2017-06-09 03:52:29
Erith and Thamesmead,0.35,0.58,0.02,0.0,0.0,0.01,0.04,0.01,E14000696,2017-06-09 03:54:09
Rotherham,0.26,0.56,0.05,0.0,0.0,0.0,0.09,0.04,E14000904,2017-06-09 03:54:29
Wentworth and Dearne,0.31,0.65,0.04,0.0,0.0,0.0,0.0,0.0,E14001028,2017-06-09 03:55:09
Feltham and Heston,0.32,0.61,0.03,0.0,0.0,0.02,0.03,0.0,E14000701,2017-06-09 03:55:19
Braintree,0.63,0.28,0.04,0.0,0.0,0.02,0.04,0.0,E14000590,2017-06-09 03:55:39
Faversham and Mid Kent,0.61,0.26,0.06,0.0,0.0,0.03,0.03,0.0,E14000700,2017-06-09 03:56:19
Central Suffolk and North Ipswich,0.6,0.3,0.04,0.0,0.0,0.03,0.03,0.0,E14000624,2017-06-09 03:56:39
Altrincham and Sale West,0.51,0.39,0.08,0.0,0.0,0.02,0.0,0.01,E14000532,2017-06-09 03:56:49
Stone,0.63,0.28,0.04,0.0,0.0,0.01,0.03,0.0,E14000975,2017-06-09 03:56:59
Thornbury and Yate,0.55,0.12,0.31,0.0,0.0,0.01,0.0,0.0,E14000994,2017-06-09 03:57:19
Maidstone and The Weald,0.56,0.22,0.16,0.0,0.0,0.02,0.03,0.0,E14000804,2017-06-09 03:57:29
Sleaford and North Hykeham,0.64,0.26,0.04,0.0,0.0,0.02,0.03,0.01,E14000929,2017-06-09 03:57:39
Weaver Vale,0.44,0.52,0.03,0.0,0.0,0.02,0.0,0.0,E14001024,2017-06-09 03:57:50
Lancaster and Fleetwood,0.41,0.55,0.02,0.0,0.0,0.02,0.0,0.0,E14000776,2017-06-09 03:57:59
Witham,0.64,0.26,0.06,0.0,0.0,0.04,0.0,0.0,E14001045,2017-06-09 03:58:09
Bexhill and Battle,0.62,0.25,0.08,0.0,0.0,0.02,0.03,0.0,E14000557,2017-06-09 03:58:19
"Birmingham, Perry Barr",0.26,0.68,0.02,0.0,0.0,0.01,0.0,0.02,E14000566,2017-06-09 03:58:29
Stretford and Urmston,0.28,0.67,0.02,0.0,0.0,0.01,0.02,0.0,E14000979,2017-06-09 03:58:39
Richmond (Yorks),0.64,0.23,0.06,0.0,0.0,0.03,0.0,0.04,E14000895,2017-06-09 03:58:59
Haltemprice and Howden,0.61,0.31,0.05,0.0,0.0,0.01,0.0,0.02,E14000724,2017-06-09 03:59:20
Shrewsbury and Atcham,0.5,0.39,0.07,0.0,0.0,0.02,0.02,0.0,E14000926,2017-06-09 03:59:30
"Berwickshire, Roxburgh and Selkirk",0.54,0.09,0.05,0.33,0.0,0.0,0.0,0.0,S14000008,2017-06-09 03:59:39
West Aberdeenshire and Kincardine,0.48,0.11,0.09,0.32,0.0,0.0,0.0,0.0,S14000058,2017-06-09 04:00:09
Stirling,0.37,0.22,0.03,0.37,0.0,0.0,0.0,0.01,S14000057,2017-06-09 04:00:39
Scunthorpe,0.44,0.52,0.01,0.0,0.0,0.0,0.03,0.0,E14000914,2017-06-09 04:01:10
Croydon Central,0.42,0.52,0.02,0.0,0.0,0.01,0.02,0.01,E14000654,2017-06-09 04:02:10
Spelthorne,0.57,0.3,0.06,0.0,0.0,0.02,0.05,0.0,E14000959,2017-06-09 04:02:20
Lincoln,0.45,0.48,0.03,0.0,0.0,0.01,0.03,0.01,E14000792,2017-06-09 04:03:40
North East Cambridgeshire,0.64,0.24,0.04,0.0,0.0,0.02,0.04,0.01,E14000842,2017-06-09 04:03:50
Brent North,0.33,0.63,0.03,0.0,0.0,0.01,0.0,0.0,E14000592,2017-06-09 04:04:00
Warrington South,0.44,0.48,0.05,0.0,0.0,0.0,0.0,0.02,E14001018,2017-06-09 04:04:10
Leeds North West,0.2,0.44,0.35,0.0,0.0,0.01,0.0,0.0,E14000780,2017-06-09 04:04:30
Welwyn Hatfield,0.51,0.37,0.07,0.0,0.0,0.02,0.03,0.0,E14001027,2017-06-09 04:07:10
Luton South,0.32,0.62,0.02,0.0,0.0,0.01,0.02,0.0,E14000801,2017-06-09 04:07:20
Bromley and Chislehurst,0.54,0.33,0.07,0.0,0.0,0.02,0.03,0.0,E14000604,2017-06-09 04:07:30
Congleton,0.57,0.34,0.05,0.0,0.0,0.02,0.02,0.0,E14000646,2017-06-09 04:07:40
Penrith and The Border,0.6,0.26,0.08,0.0,0.0,0.02,0.02,0.01,E14000877,2017-06-09 04:07:50
Huddersfield,0.33,0.6,0.03,0.0,0.0,0.03,0.0,0.01,E14000756,2017-06-09 04:08:00
Rossendale and Darwen,0.51,0.44,0.03,0.0,0.0,0.02,0.0,0.0,E14000902,2017-06-09 04:08:10
Central Ayrshire,0.34,0.26,0.02,0.37,0.0,0.0,0.0,0.0,S14000010,2017-06-09 04:08:20
Aylesbury,0.55,0.3,0.1,0.0,0.0,0.02,0.02,0.01,E14000538,2017-06-09 04:08:30
Eddisbury,0.57,0.34,0.06,0.0,0.0,0.02,0.02,0.0,E14000686,2017-06-09 04:10:00
South West Devon,0.6,0.3,0.05,0.0,0.0,0.02,0.03,0.0,E14000950,2017-06-09 04:11:00
Daventry,0.64,0.25,0.07,0.0,0.0,0.02,0.03,0.0,E14000660,2017-06-09 04:11:10
Edinburgh South,0.2,0.55,0.03,0.22,0.0,0.0,0.0,0.0,S14000024,2017-06-09 04:11:20
Motherwell and Wishaw,0.2,0.38,0.02,0.38,0.0,0.0,0.01,0.0,S14000047,2017-06-09 04:11:30
South West Surrey,0.56,0.13,0.1,0.0,0.0,0.0,0.02,0.2,E14000953,2017-06-09 04:12:40
"Ross, Skye and Lochaber",0.25,0.12,0.21,0.4,0.0,0.0,0.0,0.02,S14000055,2017-06-09 04:12:50
South Thanet,0.51,0.38,0.03,0.0,0.0,0.02,0.06,0.01,E14000948,2017-06-09 04:13:20
Banbury,0.54,0.34,0.06,0.0,0.0,0.02,0.03,0.02,E14000539,2017-06-09 04:13:50
Brigg and Goole,0.6,0.33,0.02,0.0,0.0,0.01,0.04,0.0,E14000596,2017-06-09 04:14:00
Reading East,0.42,0.49,0.06,0.0,0.0,0.02,0.0,0.01,E14000889,2017-06-09 04:14:50
Poole,0.58,0.29,0.09,0.0,0.0,0.03,0.0,0.01,E14000881,2017-06-09 04:15:20
York Outer,0.51,0.37,0.1,0.0,0.0,0.02,0.0,0.0,E14001062,2017-06-09 04:17:11
North Herefordshire,0.62,0.19,0.12,0.0,0.0,0.06,0.0,0.02,E14000847,2017-06-09 04:17:31
Bradford East,0.2,0.65,0.02,0.0,0.0,0.01,0.03,0.09,E14000587,2017-06-09 04:17:41
Mansfield,0.47,0.44,0.01,0.0,0.0,0.0,0.05,0.02,E14000810,2017-06-09 04:18:01
Broxtowe,0.47,0.45,0.04,0.0,0.0,0.01,0.03,0.0,E14000607,2017-06-09 04:18:41
Rochester and Strood,0.54,0.36,0.02,0.0,0.0,0.02,0.05,0.0,E14000898,2017-06-09 04:18:51
South West Hertfordshire,0.58,0.26,0.12,0.0,0.0,0.03,0.02,0.0,E14000951,2017-06-09 04:19:01
Edinburgh South West,0.33,0.27,0.04,0.36,0.0,0.0,0.0,0.0,S14000025,2017-06-09 04:19:21
Bolsover,0.41,0.52,0.03,0.0,0.0,0.0,0.05,0.0,E14000577,2017-06-09 04:19:51
Gillingham and Rainham,0.55,0.36,0.03,0.0,0.0,0.01,0.04,0.0,E14000711,2017-06-09 04:20:01
Cheltenham,0.47,0.1,0.42,0.0,0.0,0.02,0.0,0.0,E14000630,2017-06-09 04:20:41
Kingswood,0.55,0.4,0.04,0.0,0.0,0.02,0.0,0.0,E14000774,2017-06-09 04:20:51
Corby,0.49,0.45,0.03,0.0,0.0,0.01,0.02,0.0,E14000648,2017-06-09 04:21:21
Chatham and Aylesford,0.57,0.34,0.02,0.0,0.0,0.01,0.05,0.0,E14000626,2017-06-09 04:21:31
Old Bexley and Sidcup,0.62,0.29,0.03,0.0,0.0,0.02,0.03,0.01,E14000869,2017-06-09 04:21:41
Blyth Valley,0.37,0.56,0.05,0.0,0.0,0.02,0.0,0.0,E14000575,2017-06-09 04:21:51
Tatton,0.59,0.28,0.09,0.0,0.0,0.02,0.0,0.02,E14000987,2017-06-09 04:22:01
Holborn and St Pancras,0.18,0.7,0.07,0.0,0.0,0.03,0.01,0.0,E14000750,2017-06-09 04:22:11
Gordon,0.41,0.12,0.12,0.36,0.0,0.0,0.0,0.0,S14000037,2017-06-09 04:22:21
Milton Keynes South,0.48,0.45,0.03,0.0,0.0,0.02,0.03,0.0,E14000822,2017-06-09 04:22:33
Mid Dorset and North Poole,0.59,0.13,0.28,0.0,0.0,0.0,0.0,0.0,E14000815,2017-06-09 04:23:41
Denton and Reddish,0.28,0.64,0.02,0.0,0.0,0.01,0.04,0.01,E14000661,2017-06-09 04:24:01
Morecambe and Lunesdale,0.48,0.45,0.04,0.0,0.0,0.01,0.03,0.0,E14000825,2017-06-09 04:24:21
Elmet and Rothwell,0.54,0.38,0.04,0.0,0.0,0.02,0.0,0.02,E14000689,2017-06-09 04:25:31
Enfield North,0.37,0.58,0.02,0.0,0.0,0.01,0.02,0.0,E14000691,2017-06-09 04:25:41
Colne Valley,0.46,0.48,0.04,0.0,0.0,0.02,0.0,0.0,E14000645,2017-06-09 04:26:21
Hazel Grove,0.45,0.2,0.33,0.0,0.0,0.01,0.0,0.0,E14000738,2017-06-09 04:27:21
East Yorkshire,0.58,0.3,0.04,0.0,0.0,0.02,0.04,0.02,E14000683,2017-06-09 04:28:02
Mid Derbyshire,0.59,0.36,0.04,0.0,0.0,0.02,0.0,0.0,E14000814,2017-06-09 04:29:02
Ludlow,0.63,0.24,0.11,0.0,0.0,0.02,0.0,0.0,E14000799,2017-06-09 04:30:02
Northampton North,0.47,0.45,0.02,0.0,0.0,0.02,0.04,0.0,E14000861,2017-06-09 04:32:02
Taunton Deane,0.53,0.15,0.28,0.0,0.0,0.02,0.02,0.0,E14000988,2017-06-09 04:32:12
Camberwell and Peckham,0.13,0.78,0.06,0.0,0.0,0.03,0.0,0.01,E14000615,2017-06-09 04:32:42
Northampton South,0.47,0.44,0.03,0.0,0.0,0.02,0.04,0.0,E14000862,2017-06-09 04:33:02
Halifax,0.42,0.53,0.02,0.0,0.0,0.0,0.03,0.0,E14000723,2017-06-09 04:33:22
Bridgwater and West Somerset,0.55,0.29,0.11,0.0,0.0,0.02,0.04,0.0,E14000595,2017-06-09 04:33:42
Macclesfield,0.53,0.37,0.06,0.0,0.0,0.02,0.0,0.02,E14000802,2017-06-09 04:34:32
"Liverpool, Walton",0.09,0.86,0.02,0.0,0.0,0.01,0.0,0.03,E14000794,2017-06-09 04:34:42
Wells,0.5,0.12,0.38,0.0,0.0,0.0,0.0,0.01,E14001026,2017-06-09 04:35:42
North Shropshire,0.6,0.31,0.05,0.0,0.0,0.03,0.0,0.0,E14000849,2017-06-09 04:36:02
Meon Valley,0.66,0.18,0.11,0.0,0.0,0.02,0.03,0.0,E14000811,2017-06-09 04:39:52
Leeds North East,0.31,0.63,0.04,0.0,0.0,0.01,0.0,0.01,E14000779,2017-06-09 04:40:12
Halesowen and Rowley Regis,0.52,0.4,0.02,0.0,0.0,0.01,0.05,0.0,E14000722,2017-06-09 04:42:12
"Brighton, Kemptown",0.38,0.58,0.03,0.0,0.0,0.0,0.0,0.0,E14000597,2017-06-09 04:42:32
Barrow and Furness,0.47,0.48,0.03,0.0,0.0,0.01,0.02,0.0,E14000543,2017-06-09 04:42:42
Cheadle,0.45,0.19,0.36,0.0,0.0,0.0,0.0,0.0,E14000627,2017-06-09 04:43:33
North Somerset,0.54,0.27,0.1,0.0,0.0,0.03,0.0,0.06,E14000850,2017-06-09 04:43:53
South East Cambridgeshire,0.53,0.28,0.19,0.0,0.0,0.0,0.0,0.0,E14000937,2017-06-09 04:44:52
Skipton and Ripon,0.63,0.28,0.0,0.0,0.0,0.06,0.0,0.03,E14000928,2017-06-09 04:45:03
Wantage,0.54,0.27,0.14,0.0,0.0,0.02,0.02,0.0,E14001015,2017-06-09 04:47:03
North East Derbyshire,0.49,0.44,0.03,0.0,0.0,0.01,0.03,0.0,E14000843,2017-06-09 04:47:33
North Thanet,0.56,0.34,0.03,0.0,0.0,0.02,0.04,0.0,E14000852,2017-06-09 04:47:43
Finchley and Golders Green,0.47,0.44,0.07,0.0,0.0,0.02,0.01,0.0,E14000703,2017-06-09 04:48:03
Camborne and Redruth,0.48,0.44,0.06,0.0,0.0,0.02,0.0,0.0,E14000616,2017-06-09 04:48:53
Broadland,0.58,0.3,0.08,0.0,0.0,0.02,0.03,0.0,E14000603,2017-06-09 04:49:23
Tiverton and Honiton,0.61,0.27,0.08,0.0,0.0,0.04,0.0,0.0,E14000996,2017-06-09 04:50:23
Worthing West,0.55,0.33,0.06,0.0,0.0,0.03,0.03,0.0,E14001055,2017-06-09 04:50:43
Sherwood,0.52,0.42,0.02,0.0,0.0,0.01,0.03,0.0,E14000924,2017-06-09 04:52:03
"Enfield, Southgate",0.43,0.52,0.04,0.0,0.0,0.02,0.0,0.0,E14000692,2017-06-09 04:52:53
Bethnal Green and Bow,0.13,0.72,0.05,0.0,0.0,0.02,0.02,0.06,E14000555,2017-06-09 04:53:03
Pudsey,0.47,0.47,0.03,0.0,0.0,0.0,0.0,0.03,E14000886,2017-06-09 04:53:24
North East Bedfordshire,0.61,0.28,0.06,0.0,0.0,0.02,0.03,0.0,E14000841,2017-06-09 04:53:34
Milton Keynes North,0.48,0.44,0.04,0.0,0.0,0.02,0.02,0.0,E14000821,2017-06-09 04:53:43
Keighley,0.46,0.46,0.02,0.0,0.0,0.02,0.02,0.01,E14000766,2017-06-09 04:53:53
Wakefield,0.45,0.5,0.02,0.0,0.0,0.0,0.0,0.03,E14001009,2017-06-09 04:56:03
Henley,0.59,0.2,0.15,0.0,0.0,0.03,0.02,0.01,E14000742,2017-06-09 04:56:14
Argyll and Bute,0.33,0.13,0.18,0.36,0.0,0.0,0.0,0.0,S14000005,2017-06-09 04:57:04
Charnwood,0.6,0.31,0.04,0.0,0.0,0.02,0.03,0.0,E14000625,2017-06-09 04:57:34
Stockport,0.28,0.63,0.04,0.0,0.0,0.01,0.03,0.0,E14000969,2017-06-09 04:58:04
Hastings and Rye,0.47,0.46,0.03,0.0,0.0,0.0,0.03,0.01,E14000735,2017-06-09 04:58:34
York Central,0.3,0.65,0.05,0.0,0.0,0.0,0.0,0.0,E14001061,2017-06-09 04:59:54
Poplar and Limehouse,0.2,0.67,0.07,0.0,0.0,0.02,0.01,0.03,E14000882,2017-06-09 05:00:34
East Worthing and Shoreham,0.49,0.39,0.05,0.0,0.0,0.02,0.03,0.02,E14000682,2017-06-09 05:03:44
Croydon North,0.2,0.74,0.03,0.0,0.0,0.02,0.01,0.0,E14000655,2017-06-09 05:08:14
Thirsk and Malton,0.6,0.26,0.07,0.0,0.0,0.02,0.03,0.02,E14000993,2017-06-09 05:11:35
Loughborough,0.5,0.42,0.04,0.0,0.0,0.02,0.03,0.0,E14000797,2017-06-09 05:13:25
Arundel and South Downs,0.62,0.23,0.08,0.0,0.0,0.04,0.03,0.0,E14000534,2017-06-09 05:13:55
Stockton South,0.47,0.48,0.02,0.0,0.0,0.01,0.02,0.0,E14000971,2017-06-09 05:14:15
Winchester,0.52,0.12,0.34,0.0,0.0,0.02,0.01,-0.01,E14001041,2017-06-09 05:15:25
Bracknell,0.59,0.3,0.08,0.0,0.0,0.0,0.03,0.01,E14000586,2017-06-09 05:16:25
Stoke-on-Trent South,0.49,0.48,0.02,0.0,0.0,0.02,0.0,0.0,E14000974,2017-06-09 05:16:35
Gateshead,0.24,0.65,0.04,0.0,0.0,0.02,0.05,0.0,E14000709,2017-06-09 05:17:25
Newport West,0.39,0.52,0.02,0.0,0.02,0.01,0.02,0.0,W07000056,2017-06-09 05:18:05
Central Devon,0.54,0.27,0.12,0.0,0.0,0.03,0.02,0.02,E14000623,2017-06-09 05:18:55
Sevenoaks,0.64,0.21,0.08,0.0,0.0,0.03,0.04,0.0,E14000918,2017-06-09 05:19:25
Wansbeck,0.33,0.57,0.05,0.0,0.0,0.02,0.04,0.0,E14001014,2017-06-09 05:20:05
Newton Abbot,0.56,0.22,0.2,0.0,0.0,0.02,0.0,0.0,E14000835,2017-06-09 05:21:36
North Ayrshire and Arran,0.31,0.28,0.02,0.39,0.0,0.0,0.0,0.0,S14000048,2017-06-09 05:22:05
Swansea West,0.31,0.6,0.03,0.0,0.04,0.01,0.0,0.0,W07000047,2017-06-09 05:22:46
Walthamstow,0.14,0.81,0.03,0.0,0.0,0.02,0.0,0.0,E14001013,2017-06-09 05:23:06
Orkney and Shetland,0.09,0.11,0.49,0.29,0.0,0.0,0.01,0.01,S14000051,2017-06-09 05:23:15
Cities of London and Westminster,0.47,0.38,0.11,0.0,0.0,0.02,0.01,0.01,E14000639,2017-06-09 05:23:46
Blackpool South,0.43,0.5,0.02,0.0,0.0,0.01,0.04,0.0,E14000573,2017-06-09 05:24:15
Luton North,0.33,0.64,0.02,0.0,0.0,0.01,0.0,0.0,E14000800,2017-06-09 05:26:06
Islington South and Finsbury,0.21,0.63,0.12,0.0,0.0,0.02,0.02,0.0,E14000764,2017-06-09 05:26:56
Horsham,0.6,0.22,0.12,0.0,0.0,0.03,0.02,0.01,E14000753,2017-06-09 05:27:06
City of Durham,0.3,0.55,0.1,0.0,0.0,0.02,0.02,0.01,E14000641,2017-06-09 05:27:26
Ilford North,0.4,0.58,0.02,0.0,0.0,0.0,0.0,0.01,E14000759,2017-06-09 05:27:56
Dunfermline and West Fife,0.25,0.34,0.06,0.36,0.0,0.0,0.0,0.0,S14000017,2017-06-09 05:28:06
Ipswich,0.46,0.47,0.02,0.0,0.0,0.02,0.03,0.0,E14000761,2017-06-09 05:28:26
Lanark and Hamilton East,0.32,0.32,0.02,0.33,0.0,0.0,0.01,0.0,S14000042,2017-06-09 05:28:56
Hemsworth,0.34,0.56,0.02,0.0,0.0,0.0,0.06,0.02,E14000740,2017-06-09 05:29:06
Leicester South,0.22,0.74,0.02,0.0,0.0,0.02,0.0,0.0,E14000783,2017-06-09 05:30:36
Hendon,0.48,0.46,0.04,0.0,0.0,0.01,0.01,0.0,E14000741,2017-06-09 05:30:46
Hove,0.32,0.64,0.02,0.0,0.0,0.02,0.0,0.0,E14000755,2017-06-09 05:32:16
Sheffield Central,0.13,0.71,0.05,0.0,0.0,0.08,0.02,0.01,E14000919,2017-06-09 05:33:56
North East Hampshire,0.66,0.17,0.12,0.0,0.0,0.03,0.02,0.01,E14000844,2017-06-09 05:35:56
Croydon South,0.54,0.36,0.06,0.0,0.0,0.02,0.02,0.0,E14000656,2017-06-09 05:36:16
Dumfries and Galloway,0.43,0.21,0.02,0.32,0.0,0.0,0.0,0.01,S14000013,2017-06-09 05:37:07
Gainsborough,0.62,0.29,0.07,0.0,0.0,0.02,0.0,0.0,E14000707,2017-06-09 05:37:27
Staffordshire Moorlands,0.58,0.34,0.03,0.0,0.0,0.01,0.0,0.04,E14000966,2017-06-09 05:38:07
Weston-Super-Mare,0.53,0.33,0.09,0.0,0.0,0.02,0.03,0.0,E14001038,2017-06-09 05:38:17
Hackney South and Shoreditch,0.11,0.79,0.06,0.0,0.0,0.03,0.0,0.01,E14000721,2017-06-09 05:38:27
Leeds East,0.31,0.61,0.02,0.0,0.0,0.01,0.04,0.01,E14000778,2017-06-09 05:38:47
Glasgow North West,0.18,0.36,0.04,0.42,0.0,0.0,0.0,0.0,S14000033,2017-06-09 05:39:07
Tottenham,0.12,0.82,0.03,0.0,0.0,0.03,0.01,0.0,E14001002,2017-06-09 05:41:07
Esher and Walton,0.59,0.2,0.17,0.0,0.0,0.02,0.02,0.01,E14000697,2017-06-09 05:41:47
Dulwich and West Norwood,0.2,0.7,0.08,0.0,0.0,0.02,0.0,0.0,E14000673,2017-06-09 05:42:27
Torridge and West Devon,0.56,0.22,0.18,0.0,0.0,0.03,0.0,0.01,E14001000,2017-06-09 05:42:47
Oxford West and Abingdon,0.42,0.13,0.44,0.0,0.0,0.0,0.01,0.0,E14000874,2017-06-09 05:42:57
Bermondsey and Old Southwark,0.13,0.53,0.31,0.0,0.0,0.01,0.01,0.0,E14000553,2017-06-09 05:44:37
Hexham,0.54,0.34,0.07,0.0,0.0,0.03,0.02,0.0,E14000746,2017-06-09 05:47:48
Hampstead and Kilburn,0.32,0.59,0.07,0.0,0.0,0.01,0.0,0.0,E14000727,2017-06-09 05:47:57
Basingstoke,0.53,0.36,0.06,0.0,0.0,0.02,0.03,0.0,E14000545,2017-06-09 05:49:47
Chipping Barnet,0.46,0.46,0.05,0.0,0.0,0.02,0.0,0.0,E14000636,2017-06-09 05:50:38
Edinburgh North and Leith,0.27,0.31,0.05,0.34,0.0,0.03,0.0,0.0,S14000023,2017-06-09 05:53:08
Portsmouth North,0.55,0.34,0.06,0.0,0.0,0.02,0.04,0.0,E14000883,2017-06-09 05:53:38
East Ham,0.13,0.83,0.01,0.0,0.0,0.01,0.01,0.01,E14000679,2017-06-09 05:53:58
"Southampton, Itchen",0.46,0.46,0.03,0.0,0.0,0.02,0.02,0.0,E14000955,2017-06-09 05:54:08
"Plymouth, Sutton and Devonport",0.4,0.53,0.02,0.0,0.0,0.01,0.03,0.0,E14000880,2017-06-09 05:54:28
Rutland and Melton,0.63,0.23,0.08,0.0,0.0,0.03,0.03,0.0,E14000909,2017-06-09 05:54:38
"Dumfriesshire, Clydesdale and Tweeddale",0.49,0.16,0.04,0.3,0.0,0.0,0.0,0.0,S14000014,2017-06-09 05:54:48
Banff and Buchan,0.48,0.1,0.04,0.39,0.0,0.0,0.0,0.0,S14000007,2017-06-09 05:54:58
Orpington,0.63,0.24,0.07,0.0,0.0,0.02,0.04,0.0,E14000872,2017-06-09 05:55:48
Cardiff West,0.3,0.57,0.03,0.0,0.1,0.0,0.02,0.0,W07000079,2017-06-09 05:56:08
Wyre and Preston North,0.58,0.35,0.05,0.0,0.0,0.02,0.0,0.0,E14001057,2017-06-09 05:57:38
Streatham,0.21,0.68,0.06,0.0,0.0,0.03,0.01,0.0,E14000978,2017-06-09 05:57:58
Hornsey and Wood Green,0.15,0.65,0.16,0.0,0.0,0.02,0.01,0.01,E14000752,2017-06-09 05:59:08
Reading West,0.49,0.43,0.06,0.0,0.0,0.02,0.0,0.0,E14000890,2017-06-09 05:59:48
Redditch,0.52,0.36,0.03,0.0,0.0,0.01,0.03,0.05,E14000892,2017-06-09 06:00:08
Hereford and South Herefordshire,0.54,0.24,0.07,0.0,0.0,0.02,0.02,0.11,E14000743,2017-06-09 06:00:28
South Staffordshire,0.7,0.25,0.03,0.0,0.0,0.02,0.0,0.0,E14000945,2017-06-09 06:01:29
Rother Valley,0.4,0.48,0.02,0.0,0.0,0.02,0.08,0.0,E14000903,2017-06-09 06:01:49
Ashton-under-Lyne,0.32,0.6,0.02,0.0,0.0,0.01,0.05,0.0,E14000537,2017-06-09 06:02:09
Batley and Spen,0.39,0.56,0.02,0.0,0.0,0.01,0.0,0.02,E14000548,2017-06-09 06:04:29
Bradford West,0.17,0.65,0.02,0.0,0.0,0.01,0.02,0.14,E14000589,2017-06-09 06:04:59
Devizes,0.63,0.21,0.09,0.0,0.0,0.03,0.03,0.0,E14000665,2017-06-09 06:05:09
"Brighton, Pavilion",0.19,0.27,0.0,0.0,0.0,0.52,0.01,0.01,E14000598,2017-06-09 06:05:19
Stourbridge,0.54,0.38,0.02,0.0,0.0,0.01,0.04,0.0,E14000976,2017-06-09 06:05:29
Livingston,0.24,0.33,0.03,0.4,0.0,0.0,0.0,0.0,S14000044,2017-06-09 06:06:09
Derby South,0.34,0.58,0.03,0.0,0.0,0.01,0.04,0.0,E14000663,2017-06-09 06:06:59
South West Norfolk,0.63,0.28,0.04,0.0,0.0,0.0,0.05,0.0,E14000952,2017-06-09 06:07:59
East Devon,0.48,0.11,0.02,0.0,0.0,0.0,0.02,0.36,E14000678,2017-06-09 06:08:19
Shipley,0.51,0.43,0.04,0.0,0.0,0.0,0.0,0.02,E14000925,2017-06-09 06:08:39
Beckenham,0.59,0.3,0.08,0.0,0.0,0.03,0.0,0.0,E14000551,2017-06-09 06:09:29
"Southampton, Test",0.34,0.59,0.04,0.0,0.0,0.0,0.0,0.03,E14000956,2017-06-09 06:10:09
Filton and Bradley Stoke,0.5,0.42,0.06,0.0,0.0,0.02,0.0,0.0,E14000702,2017-06-09 06:11:19
Stoke-on-Trent North,0.45,0.51,0.02,0.0,0.0,0.02,0.0,0.0,E14000973,2017-06-09 06:11:39
"Plymouth, Moor View",0.52,0.41,0.02,0.0,0.0,0.01,0.04,0.0,E14000879,2017-06-09 06:12:09
Calder Valley,0.46,0.45,0.03,0.0,0.0,0.01,0.02,0.02,E14000614,2017-06-09 06:12:29
Edmonton,0.23,0.72,0.02,0.0,0.0,0.01,0.02,0.0,E14000687,2017-06-09 06:12:49
Berwick-upon-Tweed,0.52,0.25,0.21,0.0,0.0,0.02,0.0,0.0,E14000554,2017-06-09 06:13:20
Stoke-on-Trent Central,0.4,0.52,0.02,0.0,0.0,0.01,0.05,0.01,E14000972,2017-06-09 06:14:30
Bosworth,0.57,0.24,0.17,0.0,0.0,0.02,0.0,0.0,E14000583,2017-06-09 06:18:20
Brentford and Isleworth,0.38,0.57,0.05,0.0,0.0,0.0,0.0,0.0,E14000593,2017-06-09 06:20:00
Ceredigion,0.18,0.2,0.29,0.0,0.29,0.01,0.02,0.0,W07000064,2017-06-09 06:20:50
Brentwood and Ongar,0.66,0.2,0.08,0.0,0.0,0.02,0.04,0.0,E14000594,2017-06-09 06:24:10
Bury St Edmunds,0.59,0.3,0.06,0.0,0.0,0.04,0.0,0.01,E14000613,2017-06-09 06:25:21
Chichester,0.6,0.22,0.11,0.0,0.0,0.03,0.03,0.0,E14000633,2017-06-09 06:26:20
Dewsbury,0.45,0.51,0.02,0.0,0.0,0.02,0.0,0.0,E14000666,2017-06-09 06:27:20
Truro and Falmouth,0.44,0.38,0.15,0.0,0.0,0.02,0.02,0.0,E14001003,2017-06-09 06:28:00
North East Fife,0.24,0.1,0.33,0.33,0.0,0.0,0.0,0.0,S14000049,2017-06-09 06:30:01
Gedling,0.43,0.52,0.02,0.0,0.0,0.01,0.02,0.0,E14000710,2017-06-09 06:30:41
"Liverpool, Wavertree",0.12,0.8,0.06,0.0,0.0,0.01,0.0,0.0,E14000795,2017-06-09 06:33:11
Maldon,0.68,0.21,0.04,0.0,0.0,0.02,0.04,0.01,E14000806,2017-06-09 06:34:31
North West Hampshire,0.62,0.24,0.1,0.0,0.0,0.02,0.02,0.0,E14000857,2017-06-09 06:35:51
Tewkesbury,0.6,0.22,0.14,0.0,0.0,0.03,0.02,0.0,E14000990,2017-06-09 06:36:51
Totnes,0.54,0.27,0.13,0.0,0.0,0.04,0.02,0.0,E14001001,2017-06-09 06:38:41
West Dorset,0.56,0.18,0.24,0.0,0.0,0.03,0.0,0.0,E14001031,2017-06-09 06:40:41
Paisley and Renfrewshire North,0.28,0.32,0.03,0.37,0.0,0.0,0.0,0.0,S14000052,2017-06-09 06:46:32
"Ealing, Southall",0.21,0.7,0.04,0.0,0.0,0.02,0.01,0.01,E14000676,2017-06-09 06:53:32
Richmond Park,0.45,0.09,0.45,0.0,0.0,0.0,0.01,0.0,E14000896,2017-06-09 07:08:44
Ashfield,0.42,0.43,0.02,0.0,0.0,0.01,0.04,0.09,E14000535,2017-06-09 07:09:24
Crawley,0.51,0.46,0.04,0.0,0.0,0.0,0.0,0.0,E14000652,2017-06-09 07:09:44
Newcastle-under-Lyme,0.48,0.48,0.04,0.0,0.0,0.0,0.0,0.0,E14000834,2017-06-09 07:10:04
Dudley North,0.46,0.46,0.01,0.0,0.0,0.01,0.06,0.0,E14000671,2017-06-09 07:13:54
St Ives,0.43,0.14,0.43,0.0,0.0,0.0,0.0,0.0,E14000964,2017-06-09 07:40:37
St Austell and Newquay,0.5,0.29,0.22,0.0,0.0,0.0,0.0,0.0,E14000961,2017-06-09 09:06:31
South East Cornwall,0.55,0.23,0.19,0.0,0.0,0.02,0.0,0.0,E14000938,2017-06-09 09:27:22
