ID,Constituency,Cnty,Rgn,Last Election,Party,Votes,Share,Majrty,turnout,Con[b],Lab[c],LD,SNP,UKIP,Grn[d],DUP,SF,PC,SDLP,UUP,APNI,Other[e],Total
W07000049,Aberavon,WGM,WLS,Lab,Lab,"22,662",68.10%,"16,761",66.70%,5901,22662,599,,1345,,,,2761,,,,,33268
W07000058,Aberconwy,CON,WLS,Con,Con,"14,337",44.60%,635,71.00%,14337,13702,941,,,,,,3170,,,,,32150
S14000001,Aberdeen North,SCT,SCT,SNP,SNP,"15,170",41.30%,"4,139",59.20%,8341,11031,1693,15170,,,,,,,,,522,36757
S14000002,Aberdeen South,SCT,SCT,SNP,Con,"18,746",42.10%,"4,752",68.50%,18746,9143,2610,13994,,,,,,,,,,44493
S14000003,Airdrie and Shotts,SCT,SCT,SNP,SNP,"14,291",37.60%,195,59.20%,8813,14096,802,14291,,,,,,,,,,38002
E14000530,Aldershot,HAM,SE,Con,Con,"26,950",55.10%,"11,473",64.20%,26950,15477,3637,,1796,1090,,,,,,,,48950
E14000531,Aldridge-Brownhills,WMD,WM,Con,Con,"26,317",65.40%,"14,307",66.70%,26317,12010,1343,,,,,,,,,,565,40235
E14000532,Altrincham and Sale West,GTM,NW,Con,Con,"26,933",51.00%,"6,426",72.10%,26933,20507,4051,,,1000,,,,,,,299,52790
W07000043,Alyn and Deeside,CON,WLS,Lab,Lab,"23,315",52.10%,"5,235",71.00%,18080,23315,1077,,1117,,,,1171,,,,,44760
E14000533,Amber Valley,DBY,EM,Con,Con,"25,905",56.50%,"8,300",67.30%,25905,17605,1100,,,650,,,,,,,551,45811
S14000004,Angus,SCT,SCT,SNP,Con,"18,148",45.20%,"2,645",63.00%,18148,5233,1308,15503,,,,,,,,,,40192
W07000057,Arfon,GWN,WLS,PC,PC,"11,519",40.80%,92,68.20%,4614,11427,648,,,,,,11519,,,,,28208
S14000005,Argyll and Bute,SCT,SCT,SNP,SNP,"17,304",36.00%,"1,328",71.50%,15976,6044,8745,17304,,,,,,,,,,48069
E14000534,Arundel and South Downs,WSX,SE,Con,Con,"37,573",62.40%,"23,883",75.80%,37573,13690,4783,,1668,2542,,,,,,,,60256
E14000535,Ashfield,NTT,EM,Lab,Lab,"21,285",42.60%,441,64.00%,20844,21285,969,,1885,398,,,,,,,4612,49993
E14000536,Ashford,KEN,SE,Con,Con,"35,318",59.00%,"17,478",68.50%,35318,17840,3101,,2218,1402,,,,,,,,59879
E14000537,Ashton-under-Lyne,GTM,NW,Lab,Lab,"24,005",60.40%,"11,295",60.50%,12710,24005,646,,1878,534,,,,,,,,39773
E14000538,Aylesbury,BKM,SE,Con,Con,"32,313",55.00%,"14,656",71.20%,32313,17657,5660,,1296,1237,,,,,,,620,58783
S14000006,"Ayr, Carrick and Cumnock",SCT,SCT,SNP,Con,"18,550",40.10%,"2,774",64.90%,18550,11024,872,15776,,,,,,,,,,46222
E14000539,Banbury,OXF,SE,Con,Con,"33,388",54.20%,"12,399",73.40%,33388,20989,3452,,1581,1225,,,,,,,927,61562
S14000007,Banff and Buchan,SCT,SCT,SNP,Con,"19,976",48.00%,"3,693",61.60%,19976,3936,1448,16283,,,,,,,,,,41643
E14000540,Barking,LND,LND,Lab,Lab,"32,319",67.80%,"21,608",61.90%,10711,32319,599,,3031,724,,,,,,,295,47679
E14000541,Barnsley Central,SYK,YTH,Lab,Lab,"24,982",63.90%,"15,546",60.90%,9436,24982,549,,3339,570,,,,,,,211,39087
E14000542,Barnsley East,SYK,YTH,Lab,Lab,"24,280",59.50%,"13,283",58.90%,10997,24280,750,,3247,,,,,,,,1502,40776
E14000543,Barrow and Furness,CMA,NW,Lab,Lab,"22,592",47.50%,209,68.50%,22383,22592,1278,,962,375,,,,,,,,47590
E14000544,Basildon and Billericay,ESS,E,Con,Con,"27,381",61.00%,"13,400",65.00%,27381,13981,1548,,2008,,,,,,,,,44918
E14000545,Basingstoke,HAM,SE,Con,Con,"29,510",52.70%,"9,466",68.30%,29510,20044,3406,,1681,1106,,,,,,,213,55960
E14000546,Bassetlaw,NTT,EM,Lab,Lab,"27,467",52.60%,"4,852",66.50%,22615,27467,1154,,,,,,,,,,1014,52250
E14000547,Bath,AVN,SW,Con,LD,"23,436",47.30%,"5,694",74.30%,17742,7279,23436,,,1126,,,,,,,,49583
E14000548,Batley and Spen,WYK,YTH,Lab,Lab,"29,844",55.50%,"8,961",67.10%,20883,29844,1224,,,695,,,,,,,1134,53780
E14000549,Battersea,LND,LND,Con,Lab,"25,292",45.90%,"2,416",71.00%,22876,25292,4401,,357,866,,,,,,,1266,55058
E14000550,Beaconsfield,BKM,SE,Con,Con,"36,559",65.30%,"24,543",72.30%,36559,12016,4448,,1609,1396,,,,,,,,56028
E14000551,Beckenham,LND,LND,Con,Con,"30,632",59.30%,"15,087",76.00%,30632,15545,4073,,,1380,,,,,,,,51630
E14000552,Bedford,BDF,E,Con,Lab,"22,712",46.80%,789,67.50%,21923,22712,2837,,,1008,,,,,,,,48480
N06000001,Belfast East,NIR,NIR,DUP,DUP,"23,917",55.80%,"8,474",67.50%,446,,,,,561,23917,894,,167,1408,15443,54,42890
N06000002,Belfast North,NIR,NIR,DUP,DUP,"21,240",46.20%,"2,081",67.30%,,,,,,644,21240,19159,,2058,,2475,360,45936
N06000003,Belfast South,NIR,NIR,SDLP,DUP,"13,299",30.40%,"1,996",66.10%,246,,,,,2241,13299,7143,,11303,1527,7946,,43705
N06000004,Belfast West,NIR,NIR,SF,SF,"27,107",66.70%,"21,652",65.10%,,,,,,,5455,27107,,2860,,731,4480,40633
E14000553,Bermondsey and Old Southwark,LND,LND,Lab,Lab,"31,161",53.20%,"12,972",67.00%,7581,31161,18189,,838,639,,,,,,,113,58521
S14000008,"Berwickshire, Roxburgh and Selkirk",SCT,SCT,SNP,Con,"28,213",53.90%,"11,060",71.50%,28213,4519,2482,17153,,,,,,,,,,52367
E14000554,Berwick-upon-Tweed,NBL,NE,Con,Con,"22,145",52.50%,"11,781",71.80%,22145,10364,8916,,,787,,,,,,,,42212
E14000555,Bethnal Green and Bow,LND,LND,Lab,Lab,"42,969",71.80%,"35,393",69.50%,7576,42969,2982,,894,1516,,,,,,,3888,59825
E14000556,Beverley and Holderness,HUM,YTH,Con,Con,"32,499",58.40%,"14,042",69.00%,32499,18457,2808,,,716,,,,,,,1158,55638
E14000557,Bexhill and Battle,SXE,SE,Con,Con,"36,854",62.00%,"22,165",73.10%,36854,14689,4485,,2006,1438,,,,,,,,59472
E14000558,Bexleyheath and Crayford,LND,LND,Con,Con,"25,113",55.60%,"9,073",69.20%,25113,16040,1201,,1944,601,,,,,,,290,45189
E14000559,Birkenhead,MSY,NW,Lab,Lab,"33,558",76.90%,"25,514",67.70%,8044,33558,1118,,,943,,,,,,,,43663
E14000560,Birmingham Edgbaston,WMD,WM,Lab,Lab,"24,124",55.30%,"6,917",64.00%,17207,24124,1564,,,562,,,,,,,155,43612
E14000561,Birmingham Erdington,WMD,WM,Lab,Lab,"21,571",58.00%,"7,285",57.20%,14286,21571,750,,,610,,,,,,,,37217
E14000562,Birmingham Hall Green,WMD,WM,Lab,Lab,"42,143",77.60%,"33,944",69.40%,8199,42143,3137,,,831,,,,,,,,54310
E14000563,Birmingham Hodge Hill,WMD,WM,Lab,Lab,"37,606",81.10%,"31,026",61.30%,6580,37606,805,,1016,387,,,,,,,,46394
E14000564,Birmingham Ladywood,WMD,WM,Lab,Lab,"34,166",82.70%,"28,714",59.00%,5452,34166,1156,,,533,,,,,,,,41307
E14000565,Birmingham Northfield,WMD,WM,Lab,Lab,"23,596",53.20%,"4,667",61.30%,18929,23596,959,,,864,,,,,,,,44348
E14000566,Birmingham Perry Barr,WMD,WM,Lab,Lab,"30,109",68.10%,"18,383",63.00%,11726,30109,1080,,,591,,,,,,,691,44197
E14000567,Birmingham Selly Oak,WMD,WM,Lab,Lab,"30,836",62.90%,"15,207",65.90%,15629,30836,1644,,,876,,,,,,,,48985
E14000568,Birmingham Yardley,WMD,WM,Lab,Lab,"25,398",57.10%,"16,574",61.30%,8824,25398,7984,,1916,280,,,,,,,100,44502
E14000569,Bishop Auckland,DUR,NE,Lab,Lab,"20,808",48.10%,502,64.00%,20306,20808,1176,,,,,,,,,,991,43281
E14000570,Blackburn,LAN,NW,Lab,Lab,"33,148",69.80%,"20,368",67.20%,12780,33148,709,,,,,,,,,,878,47515
E14000571,Blackley and Broughton,GTM,NW,Lab,Lab,"28,258",70.40%,"19,601",56.00%,8657,28258,737,,1825,462,,,,,,,174,40113
E14000572,Blackpool North and Cleveleys,LAN,NW,Con,Con,"20,255",49.40%,"2,023",64.10%,20255,18232,747,,1392,381,,,,,,,,41007
E14000573,Blackpool South,LAN,NW,Lab,Lab,"17,581",50.30%,"2,523",59.80%,15058,17581,634,,1339,341,,,,,,,,34953
W07000072,Blaenau Gwent,GNT,WLS,Lab,Lab,"18,787",58.00%,"11,907",63.20%,4783,18787,295,,973,,,,6880,,,,666,32384
E14000574,Blaydon,TWR,NE,Lab,Lab,"26,979",56.10%,"13,477",70.20%,13502,26979,4366,,2459,583,,,,,,,195,48084
E14000575,Blyth Valley,NBL,NE,Lab,Lab,"23,770",55.90%,"7,915",67.00%,15855,23770,1947,,,918,,,,,,,,42490
E14000576,Bognor Regis and Littlehampton,WSX,SE,Con,Con,"30,276",59.00%,"17,494",67.70%,30276,12782,3352,,1861,993,,,,,,,2088,51352
E14000577,Bolsover,DBY,EM,Lab,Lab,"24,153",51.90%,"5,288",63.40%,18865,24153,1372,,2129,,,,,,,,,46519
E14000578,Bolton North East,GTM,NW,Lab,Lab,"22,870",50.60%,"3,797",67.20%,19073,22870,1316,,1567,357,,,,,,,,45183
E14000579,Bolton South East,GTM,NW,Lab,Lab,"25,676",60.70%,"13,126",61.40%,12550,25676,781,,2779,537,,,,,,,,42323
E14000580,Bolton West,GTM,NW,Con,Con,"24,459",47.90%,936,70.10%,24459,23523,1485,,1587,,,,,,,,,51054
E14000581,Bootle,MSY,NW,Lab,Lab,"42,259",84.00%,"36,200",69.00%,6059,42259,837,,,709,,,,,,,424,50288
E14000582,Boston and Skegness,LIN,EM,Con,Con,"27,271",63.60%,"16,572",62.70%,27271,10699,771,,3308,547,,,,,,,283,42879
E14000583,Bosworth,LEI,EM,Con,Con,"31,864",56.70%,"18,351",68.80%,31864,13513,9744,,,1047,,,,,,,,56168
E14000584,Bournemouth East,DOR,SW,Con,Con,"25,221",51.90%,"7,937",65.20%,25221,17284,3168,,1405,1236,,,,,,,304,48618
E14000585,Bournemouth West,DOR,SW,Con,Con,"23,812",53.50%,"7,711",60.80%,23812,16101,2929,,,1247,,,,,,,418,44507
E14000586,Bracknell,BRK,SE,Con,Con,"32,882",58.80%,"16,016",70.60%,32882,16866,4186,,1521,,,,,,,,437,55892
E14000587,Bradford East,WYK,YTH,Lab,Lab,"29,831",65.40%,"20,540",64.80%,9291,29831,843,,1372,289,,,,,,,3996,45622
E14000588,Bradford South,WYK,YTH,Lab,Lab,"22,364",54.50%,"6,700",60.60%,15664,22364,516,,1758,370,,,,,,,377,41049
E14000589,Bradford West,WYK,YTH,Lab,Lab,"29,444",64.70%,"21,902",67.40%,7542,29444,712,,885,481,,,,,,,6464,45528
E14000590,Braintree,ESS,E,Con,Con,"32,873",62.80%,"18,422",69.50%,32873,14451,2251,,1835,916,,,,,,,,52326
W07000068,Brecon and Radnorshire,POW,WLS,Con,Con,"20,081",48.60%,"8,038",73.80%,20081,7335,12043,,576,,,,1299,,,,,41334
E14000591,Brent Central,LND,LND,Lab,Lab,"38,208",73.10%,"27,997",65.00%,10211,38208,2519,,556,802,,,,,,,,52296
E14000592,Brent North,LND,LND,Lab,Lab,"35,496",62.90%,"17,061",68.40%,18435,35496,1614,,,660,,,,,,,239,56444
E14000593,Brentford and Isleworth,LND,LND,Lab,Lab,"35,364",57.40%,"12,182",72.40%,23182,35364,3083,,,,,,,,,,,61629
E14000594,Brentwood and Ongar,ESS,E,Con,Con,"34,811",65.80%,"24,002",70.50%,34811,10809,4426,,1845,915,,,,,,,104,52910
W07000073,Bridgend,MGM,WLS,Lab,Lab,"21,913",50.70%,"4,700",69.60%,17213,21913,919,,781,,,,1783,,,,646,43255
E14000595,Bridgwater and West Somerset,SOM,SW,Con,Con,"32,111",55.10%,"15,448",65.30%,32111,16663,6332,,2102,1059,,,,,,,,58267
E14000596,Brigg and Goole,HUM,YTH,Con,Con,"27,219",60.40%,"12,363",68.20%,27219,14856,836,,1596,550,,,,,,,,45057
E14000597,Brighton Kemptown,SXE,SE,Con,Lab,"28,703",58.30%,"9,868",72.50%,18835,28703,1457,,,,,,,,,,212,49207
E14000598,Brighton Pavilion,SXE,SE,Grn,Grn,"30,149",52.30%,"14,699",76.40%,11082,15450,,,630,30149,,,,,,,376,57687
E14000599,Bristol East,AVN,SW,Lab,Lab,"30,847",60.70%,"13,394",70.10%,17453,30847,1389,,,1110,,,,,,,,50799
E14000600,Bristol North West,AVN,SW,Con,Lab,"27,400",50.70%,"4,761",71.70%,22639,27400,2814,,,1243,,,,,,,,54096
E14000601,Bristol South,AVN,SW,Lab,Lab,"32,666",60.10%,"15,987",65.50%,16679,32666,1821,,1672,1428,,,,,,,116,54382
E14000602,Bristol West,AVN,SW,Lab,Lab,"47,213",65.90%,"37,336",77.00%,9877,47213,5201,,,9216,,,,,,,101,71608
E14000603,Broadland,NFK,E,Con,Con,"32,406",57.90%,"15,816",72.40%,32406,16590,4449,,1594,932,,,,,,,,55971
E14000604,Bromley and Chislehurst,LND,LND,Con,Con,"25,175",54.00%,"9,590",71.70%,25175,15585,3369,,1383,1150,,,,,,,,46662
E14000605,Bromsgrove,HWR,WM,Con,Con,"33,493",62.00%,"16,573",73.50%,33493,16920,2488,,,1139,,,,,,,,54040
E14000606,Broxbourne,HRT,E,Con,Con,"29,515",62.20%,"15,792",64.60%,29515,13723,1481,,1918,848,,,,,,,,47485
E14000607,Broxtowe,NTT,EM,Con,Con,"25,983",46.80%,863,75.00%,25983,25120,2247,,1477,681,,,,,,,,55508
E14000608,Buckingham,BKM,SE,Spkr,Spkr,"34,299",65.10%,"25,725",66.20%,,,,,4168,8574,,,,,,,39937,52679
E14000609,Burnley,LAN,NW,Lab,Lab,"18,832",46.70%,"6,353",62.30%,12479,18832,6046,,2472,461,,,,,,,,40290
E14000610,Burton,STS,WM,Con,Con,"28,936",58.00%,"10,047",67.50%,28936,18889,1262,,,824,,,,,,,,49911
E14000611,Bury North,GTM,NW,Con,Lab,"25,683",53.60%,"4,375",70.90%,21308,25683,912,,,,,,,,,,,47903
E14000612,Bury South,GTM,NW,Lab,Lab,"27,165",53.30%,"5,965",69.20%,21200,27165,1065,,1316,,,,,,,,244,50990
E14000613,Bury St Edmunds,SFK,E,Con,Con,"36,794",59.20%,"18,441",72.20%,36794,18353,3565,,,2596,,,,,,,852,62160
W07000076,Caerphilly,GNT,WLS,Lab,Lab,"22,491",54.50%,"12,078",64.10%,10413,22491,725,,1259,447,,,5962,,,,,41297
S14000009,"Caithness, Sutherland and Easter Ross",SCT,SCT,SNP,LD,"11,061",35.80%,"2,044",65.90%,6990,3833,11061,9017,,,,,,,,,,30901
E14000614,Calder Valley,WYK,YTH,Con,Con,"26,790",46.10%,609,73.40%,26790,26181,1952,,1466,631,,,,,,,1034,58054
E14000615,Camberwell and Peckham,LND,LND,Lab,Lab,"44,665",77.80%,"37,316",67.10%,7349,44665,3413,,,1627,,,,,,,358,57412
E14000616,Camborne and Redruth,CUL,SW,Con,Con,"23,001",47.50%,"1,577",70.80%,23001,21424,2979,,,1052,,,,,,,,48456
E14000617,Cambridge,CAM,E,Lab,Lab,"29,032",51.90%,"12,661",71.20%,9133,29032,16371,,,1265,,,,,,,133,55934
E14000618,Cannock Chase,STS,WM,Con,Con,"26,318",55.00%,"8,391",64.20%,26318,17927,794,,2018,815,,,,,,,,47872
E14000619,Canterbury,KEN,SE,Con,Lab,"25,572",45.00%,187,72.70%,25385,25572,4561,,,1282,,,,,,,,56800
W07000050,Cardiff Central,SGM,WLS,Lab,Lab,"25,193",62.40%,"17,196",68.10%,7997,25193,5415,,343,420,,,999,,,,,40367
W07000051,Cardiff North,SGM,WLS,Con,Lab,"26,081",50.10%,"4,174",77.40%,21907,26081,1714,,582,,,,1738,,,,,52022
W07000080,Cardiff South and Penarth,SGM,WLS,Lab,Lab,"30,182",59.50%,"14,864",66.30%,15318,30182,1430,,942,532,,,2162,,,,170,50736
W07000079,Cardiff West,SGM,WLS,Lab,Lab,"26,425",56.70%,"12,551",69.80%,13874,26425,1214,,698,,,,4418,,,,,46629
E14000620,Carlisle,CMA,NW,Con,Con,"21,472",49.90%,"2,599",69.10%,21472,18873,1256,,1455,,,,,,,,,43056
W07000067,Carmarthen East and Dinefwr,DFD,WLS,PC,PC,"16,127",39.30%,"3,908",73.30%,10778,12219,920,,985,,,,16127,,,,,41029
W07000066,Carmarthen West and South Pembrokeshire,DFD,WLS,Con,Con,"19,771",46.80%,"3,110",72.10%,19771,16661,956,,905,,,,3933,,,,,42226
E14000621,Carshalton and Wallington,LND,LND,LD,LD,"20,819",41.00%,"1,369",71.60%,19450,9360,20819,,,501,,,,,,,623,50753
E14000622,Castle Point,ESS,E,Con,Con,"30,076",67.30%,"18,872",64.40%,30076,11204,1049,,2381,,,,,,,,,44710
S14000010,Central Ayrshire,SCT,SCT,SNP,SNP,"16,771",37.20%,"1,267",65.30%,15504,11762,1050,16771,,,,,,,,,,45087
E14000623,Central Devon,DEV,SW,Con,Con,"31,278",54.10%,"15,680",77.80%,31278,15598,6770,,1326,1531,,,,,,,1341,57844
E14000624,Central Suffolk and North Ipswich,SFK,E,Con,Con,"33,992",60.10%,"17,185",72.40%,33992,16807,2431,,1635,1659,,,,,,,,56524
W07000064,Ceredigion,DFD,WLS,LD,PC,"11,623",29.20%,104,73.30%,7307,8017,11519,,602,542,,,11623,,,,157,39767
E14000625,Charnwood,LEI,EM,Con,Con,"33,318",60.40%,"16,341",70.70%,33318,16977,2052,,1471,1036,,,,,,,322,55176
E14000626,Chatham and Aylesford,KEN,SE,Con,Con,"25,587",57.00%,"10,458",63.70%,25587,15129,1116,,2225,573,,,,,,,260,44890
E14000627,Cheadle,GTM,NW,Con,Con,"24,331",44.60%,"4,507",74.30%,24331,10417,19824,,,,,,,,,,,54572
E14000628,Chelmsford,ESS,E,Con,Con,"30,525",53.70%,"13,572",70.20%,30525,16953,6916,,1645,821,,,,,,,,56860
E14000629,Chelsea and Fulham,LND,LND,Con,Con,"22,179",52.60%,"8,188",66.10%,22179,13991,4627,,524,807,,,,,,,,42128
E14000630,Cheltenham,GLS,SW,Con,Con,"26,615",46.70%,"2,569",72.30%,26615,5408,24046,,,943,,,,,,,,57012
E14000631,Chesham and Amersham,BKM,SE,Con,Con,"33,514",60.70%,"22,140",77.10%,33514,11374,7179,,1525,1660,,,,,,,,55252
E14000632,Chesterfield,DBY,EM,Lab,Lab,"26,266",54.80%,"9,605",66.50%,16661,26266,2612,,1611,777,,,,,,,,47927
E14000633,Chichester,WSX,SE,Con,Con,"36,032",60.10%,"22,621",70.50%,36032,13411,6749,,1650,1992,,,,,,,84,59918
E14000634,Chingford and Woodford Green,LND,LND,Con,Con,"23,076",49.10%,"2,438",71.20%,23076,20638,2043,,,1204,,,,,,,,46961
E14000635,Chippenham,WIL,SW,Con,Con,"31,267",54.70%,"16,630",74.80%,31267,11236,14637,,,,,,,,,,,57140
E14000636,Chipping Barnet,LND,LND,Con,Con,"25,679",46.30%,353,71.80%,25679,25326,3012,,,1406,,,,,,,,55423
E14000637,Chorley,LAN,NW,Lab,Lab,"30,745",55.30%,"7,512",72.80%,23233,30745,1126,,,530,,,,,,,,55634
E14000638,Christchurch,DOR,SW,Con,Con,"35,230",69.60%,"25,171",72.00%,35230,10059,4020,,,1325,,,,,,,,50634
E14000639,Cities of London and Westminster,LND,LND,Con,Con,"18,005",46.60%,"3,148",62.80%,18005,14857,4270,,426,821,,,,,,,275,38654
E14000640,City of Chester,CHS,NW,Lab,Lab,"32,023",56.80%,"9,176",77.40%,22847,32023,1551,,,,,,,,,,,56421
E14000641,City of Durham,DUR,NE,Lab,Lab,"26,772",55.40%,"12,364",67.90%,14408,26772,4787,,1116,797,,,,,,,444,48324
E14000642,Clacton,ESS,E,UKIP,Con,"27,031",61.20%,"15,828",64.40%,27031,11203,887,,3357,719,,,,,,,948,44145
E14000643,Cleethorpes,HUM,YTH,Con,Con,"27,321",57.10%,"10,400",65.80%,27321,16921,1110,,2022,470,,,,,,,,47844
W07000062,Clwyd South,CON,WLS,Lab,Lab,"19,002",50.70%,"4,356",69.70%,14646,19002,731,,802,,,,2293,,,,,37474
W07000059,Clwyd West,CON,WLS,Con,Con,"19,541",48.10%,"3,437",69.80%,19541,16104,1091,,,,,,3918,,,,,40654
S14000011,"Coatbridge, Chryston and Bellshill",SCT,SCT,SNP,Lab,"19,193",42.60%,"1,586",63.30%,7318,19193,922,17607,,,,,,,,,,45040
E14000644,Colchester,ESS,E,Con,Con,"24,565",45.90%,"5,677",66.90%,24565,18888,9087,,,828,,,,,,,177,53545
E14000645,Colne Valley,WYK,YTH,Con,Lab,"28,818",47.70%,915,71.60%,27903,28818,2494,,,892,,,,,,,313,60420
E14000646,Congleton,CHS,NW,Con,Con,"31,830",56.60%,"12,619",73.30%,31830,19211,2902,,1289,999,,,,,,,,56231
E14000647,Copeland,CMA,NW,Lab,Con,"21,062",49.10%,"1,695",69.50%,21062,19367,1404,,1094,,,,,,,,,42927
E14000648,Corby,NTH,EM,Con,Con,"29,534",49.20%,"2,690",72.30%,29534,26844,1545,,1495,579,,,,,,,,59997
E14000649,Coventry North East,WMD,WM,Lab,Lab,"29,499",63.40%,"15,580",61.40%,13919,29499,1157,,1350,502,,,,,,,81,46508
E14000650,Coventry North West,WMD,WM,Lab,Lab,"26,894",54.00%,"8,580",66.30%,18314,26894,1286,,1525,666,,,,,,,1164,49849
E14000651,Coventry South,WMD,WM,Lab,Lab,"25,874",55.00%,"7,947",66.50%,17927,25874,1343,,1037,604,,,,,,,224,47009
E14000652,Crawley,WSX,SE,Con,Con,"25,426",50.60%,"2,457",68.50%,25426,22969,1878,,,,,,,,,,,50273
E14000653,Crewe and Nantwich,CHS,NW,Con,Lab,"25,928",47.10%,48,69.70%,25880,25928,1334,,1885,,,,,,,,,55027
E14000654,Croydon Central,LND,LND,Con,Lab,"29,873",52.30%,"5,652",71.30%,24221,29873,1083,,1040,626,,,,,,,248,57091
E14000655,Croydon North,LND,LND,Lab,Lab,"44,213",74.20%,"32,365",68.20%,11848,44213,1656,,753,983,,,,,,,170,59623
E14000656,Croydon South,LND,LND,Con,Con,"33,334",54.40%,"11,406",73.30%,33334,21928,3541,,1116,1125,,,,,,,213,61257
S14000012,"Cumbernauld, Kilsyth and Kirkintilloch East",SCT,SCT,SNP,SNP,"19,122",43.60%,"4,264",65.90%,8010,14858,1238,19122,605,,,,,,,,,43833
W07000070,Cynon Valley,MGM,WLS,Lab,Lab,"19,404",61.00%,"13,238",62.00%,6166,19404,585,,1271,,,,4376,,,,,31802
E14000657,Dagenham and Rainham,LND,LND,Lab,Lab,"22,958",50.10%,"4,652",64.90%,18306,22958,465,,3246,544,,,,,,,324,45843
E14000658,Darlington,DUR,NE,Lab,Lab,"22,681",50.60%,"3,280",67.60%,19401,22681,1031,,1180,524,,,,,,,,44817
E14000659,Dartford,KEN,SE,Con,Con,"31,210",57.60%,"13,186",69.10%,31210,18024,1428,,2544,807,,,,,,,211,54224
E14000660,Daventry,NTH,EM,Con,Con,"35,464",63.70%,"21,734",74.00%,35464,13730,4015,,1497,957,,,,,,,,55663
W07000042,Delyn,CON,WLS,Lab,Lab,"20,573",52.20%,"4,240",72.90%,16333,20573,1031,,,,,,1481,,,,,39418
E14000661,Denton and Reddish,GTM,NW,Lab,Lab,"25,161",63.50%,"14,077",58.50%,11084,25161,853,,1798,486,,,,,,,217,39599
E14000662,Derby North,DBY,EM,Con,Lab,"23,622",48.50%,"2,015",69.60%,21607,23622,2262,,1181,,,,,,,,,48672
E14000663,Derby South,DBY,EM,Lab,Lab,"26,430",58.30%,"11,248",64.80%,15182,26430,1229,,2011,454,,,,,,,,45306
E14000664,Derbyshire Dales,DBY,EM,Con,Con,"29,744",60.00%,"14,327",76.90%,29744,15417,3126,,,1002,,,,,,,282,49571
E14000665,Devizes,WIL,SW,Con,Con,"31,744",62.70%,"21,136",70.10%,31744,10608,4706,,1706,1606,,,,,,,223,50593
E14000666,Dewsbury,WYK,YTH,Lab,Lab,"28,814",51.00%,"3,321",69.50%,25493,28814,1214,,,1024,,,,,,,,56545
E14000667,Don Valley,SYK,YTH,Lab,Lab,"24,351",53.00%,"5,169",62.20%,19182,24351,856,,,,,,,,,,1599,45988
E14000668,Doncaster Central,SYK,YTH,Lab,Lab,"24,915",57.90%,"10,131",60.00%,14784,24915,973,,,,,,,,,,2352,43024
E14000669,Doncaster North,SYK,YTH,Lab,Lab,"25,711",60.80%,"14,024",58.50%,11687,25711,706,,2738,,,,,,,,1470,42312
E14000670,Dover,KEN,SE,Con,Con,"27,211",52.40%,"6,437",69.70%,27211,20774,1336,,1722,923,,,,,,,,51966
E14000671,Dudley North,WMD,WM,Lab,Lab,"18,090",46.50%,22,62.70%,18068,18090,368,,2144,240,,,,,,,,38910
E14000672,Dudley South,WMD,WM,Con,Con,"21,588",56.40%,"7,730",62.40%,21588,13858,625,,1791,382,,,,,,,,38244
E14000673,Dulwich and West Norwood,LND,LND,Lab,Lab,"39,096",69.60%,"28,156",71.90%,10940,39096,4475,,,1408,,,,,,,224,56143
S14000013,Dumfries and Galloway,SCT,SCT,SNP,Con,"22,344",43.30%,"5,643",69.50%,22344,10775,1241,16701,,,,,,,,,538,51599
S14000014,"Dumfriesshire, Clydesdale and Tweeddale",SCT,SCT,Con,Con,"24,177",49.40%,"9,441",72.40%,24177,8102,1949,14736,,,,,,,,,,48964
S14000015,Dundee East,SCT,SCT,SNP,SNP,"18,391",42.80%,"6,645",65.20%,11746,11176,1615,18391,,,,,,,,,,42928
S14000016,Dundee West,SCT,SCT,SNP,SNP,"18,045",46.70%,"5,262",61.70%,6257,12783,1189,18045,,,,,,,,,403,38677
S14000017,Dunfermline and West Fife,SCT,SCT,SNP,SNP,"18,121",35.50%,844,67.40%,12593,17277,3019,18121,,,,,,,,,,51010
W07000061,Dwyfor Meirionnydd,GWN,WLS,PC,PC,"13,687",45.10%,"4,850",67.90%,8837,6273,937,,614,,,,13687,,,,,30348
E14000674,Ealing Central and Acton,LND,LND,Lab,Lab,"33,037",59.70%,"13,807",74.60%,19230,33037,3075,,,,,,,,,,,55342
E14000675,Ealing North,LND,LND,Lab,Lab,"34,635",66.00%,"19,693",70.20%,14942,34635,1275,,921,743,,,,,,,,52516
E14000676,Ealing Southall,LND,LND,Lab,Lab,"31,720",70.30%,"22,090",69.30%,9630,31720,1892,,504,1037,,,,,,,362,45145
E14000677,Easington,DUR,NE,Lab,Lab,"23,152",63.70%,"14,892",58.30%,8260,23152,460,,1727,410,,,,,,,2355,36364
N06000005,East Antrim,NIR,NIR,DUP,DUP,"21,873",57.30%,"15,923",60.60%,963,,,,,,21873,3555,,1278,4524,5950,,38143
E14000678,East Devon,DEV,SW,Con,Con,"29,306",48.50%,"8,036",73.30%,29306,6857,1468,,1203,,,,,,,,21548,60382
S14000018,East Dunbartonshire,SCT,SCT,SNP,LD,"21,023",40.60%,"5,339",78.10%,7563,7531,21023,15684,,,,,,,,,,51801
E14000679,East Ham,LND,LND,Lab,Lab,"47,124",83.20%,"39,883",67.50%,7241,47124,656,,697,474,,,,,,,441,56633
E14000680,East Hampshire,HAM,SE,Con,Con,"35,263",63.60%,"25,852",74.70%,35263,9411,8403,,,1760,,,,,,,571,55408
S14000019,"East Kilbride, Strathaven and Lesmahagow",SCT,SCT,SNP,SNP,"21,023",38.90%,"3,866",67.30%,13704,17157,1590,21023,628,,,,,,,,,54102
N06000006,East Londonderry,NIR,NIR,DUP,DUP,"19,723",48.10%,"8,842",61.20%,330,,,,,,19723,10881,,4423,3135,2538,,41030
S14000020,East Lothian,SCT,SCT,SNP,Lab,"20,158",36.10%,"3,083",70.60%,16540,20158,1738,17075,,,,,,,,,367,55878
S14000021,East Renfrewshire,SCT,SCT,SNP,Con,"21,496",40.00%,"4,712",76.70%,21496,14346,1112,16784,,,,,,,,,,53738
E14000681,East Surrey,SRY,SE,Con,Con,"35,310",59.60%,"23,914",72.20%,35310,11396,6197,,2227,1100,,,,,,,2973,59203
E14000682,East Worthing and Shoreham,WSX,SE,Con,Con,"25,988",48.90%,"5,106",70.30%,25988,20882,2523,,1444,1273,,,,,,,1007,53117
E14000683,East Yorkshire,HUM,YTH,Con,Con,"31,442",58.30%,"15,006",66.60%,31442,16436,2134,,1986,943,,,,,,,1015,53956
E14000684,Eastbourne,SXE,SE,Con,LD,"26,924",46.90%,"1,609",72.90%,25315,4671,26924,,,510,,,,,,,,57420
E14000685,Eastleigh,HAM,SE,Con,Con,"28,889",50.40%,"14,179",70.50%,28889,11454,14710,,1477,750,,,,,,,,57280
E14000686,Eddisbury,CHS,NW,Con,Con,"29,192",56.90%,"11,942",73.00%,29192,17250,2804,,1109,785,,,,,,,179,51319
S14000022,Edinburgh East,SCT,SCT,SNP,SNP,"18,509",42.50%,"3,425",66.00%,8081,15084,1849,18509,,,,,,,,,,43523
S14000023,Edinburgh North and Leith,SCT,SCT,SNP,SNP,"19,243",34.00%,"1,625",71.20%,15385,17618,2579,19243,,1727,,,,,,,,56552
S14000024,Edinburgh South,SCT,SCT,Lab,Lab,"26,269",54.90%,"15,514",74.10%,9428,26269,1388,10755,,,,,,,,,,47840
S14000025,Edinburgh South West,SCT,SCT,SNP,SNP,"17,575",35.60%,"1,097",69.40%,16478,13213,2124,17575,,,,,,,,,,49390
S14000026,Edinburgh West,SCT,SCT,SNP,LD,"18,108",34.30%,"2,988",73.80%,11559,7876,18108,15120,,,,,,,,,132,52795
E14000687,Edmonton,LND,LND,Lab,Lab,"31,221",71.50%,"21,115",66.40%,10106,31221,858,,860,633,,,,,,,,43678
E14000688,Ellesmere Port and Neston,CHS,NW,Lab,Lab,"30,137",59.20%,"11,390",74.20%,18747,30137,892,,821,342,,,,,,,,50939
E14000689,Elmet and Rothwell,WYK,YTH,Con,Con,"32,352",54.30%,"9,805",74.20%,32352,22547,2606,,,995,,,,,,,1042,59542
E14000690,Eltham,LND,LND,Lab,Lab,"25,128",54.40%,"6,296",71.60%,18832,25128,1457,,,,,,,,,,738,46155
E14000691,Enfield North,LND,LND,Lab,Lab,"28,177",58.00%,"10,247",71.30%,17930,28177,1036,,848,574,,,,,,,,48565
E14000692,Enfield Southgate,LND,LND,Con,Lab,"24,989",51.70%,"4,355",74.10%,20634,24989,1925,,,780,,,,,,,,48328
E14000693,Epping Forest,ESS,E,Con,Con,"31,462",62.00%,"18,243",67.90%,31462,13219,2884,,1871,1233,,,,,,,110,50779
E14000694,Epsom and Ewell,SRY,SE,Con,Con,"35,313",59.60%,"20,475",74.10%,35313,14838,7401,,,1714,,,,,,,,59266
E14000695,Erewash,DBY,EM,Con,Con,"25,939",52.10%,"4,534",68.20%,25939,21405,1243,,,675,,,,,,,519,49781
E14000696,Erith and Thamesmead,LND,LND,Lab,Lab,"25,585",57.50%,"10,014",63.80%,15571,25585,750,,1728,507,,,,,,,323,44464
E14000697,Esher and Walton,SRY,SE,Con,Con,"35,071",58.60%,"23,298",73.90%,35071,11773,10374,,1034,1074,,,,,,,516,59842
E14000698,Exeter,DEV,SW,Lab,Lab,"34,336",62.00%,"16,117",71.70%,18219,34336,1562,,,1027,,,,,,,279,55423
S14000028,Falkirk,SCT,SCT,SNP,SNP,"20,952",38.90%,"4,923",65.40%,14088,16029,1120,20952,712,908,,,,,,,,53809
E14000699,Fareham,HAM,SE,Con,Con,"35,915",63.00%,"21,555",72.30%,35915,14360,3896,,1541,1302,,,,,,,,57014
E14000700,Faversham and Mid Kent,KEN,SE,Con,Con,"30,390",61.10%,"17,413",74.90%,30390,12977,3249,,1702,1431,,,,,,,,49749
E14000701,Feltham and Heston,LND,LND,Lab,Lab,"32,462",61.20%,"15,603",64.90%,16859,32462,1387,,1510,809,,,,,,,,53027
N06000007,Fermanagh and South Tyrone,NIR,NIR,UUP,SF,"25,230",47.20%,875,75.80%,,,,,,423,,25230,,2587,24355,886,,53481
E14000702,Filton and Bradley Stoke,AVN,SW,Con,Con,"25,339",50.00%,"4,190",70.00%,25339,21149,3052,,,1162,,,,,,,,50702
E14000703,Finchley and Golders Green,LND,LND,Con,Con,"24,599",47.00%,"1,657",71.40%,24599,22942,3463,,462,919,,,,,,,,52385
E14000704,Folkestone and Hythe,KEN,SE,Con,Con,"32,197",54.70%,"15,411",68.20%,32197,16786,4222,,2565,2498,,,,,,,607,58875
E14000705,Forest of Dean,GLS,SW,Con,Con,"28,096",54.30%,"9,502",73.00%,28096,18594,2029,,1237,1241,,,,,,,570,51767
N06000008,Foyle,NIR,NIR,SDLP,SF,"18,256",39.70%,169,65.40%,,,,,,,7398,18256,,18087,,847,1377,45965
E14000706,Fylde,LAN,NW,Con,Con,"27,334",58.80%,"11,805",70.50%,27334,15529,2341,,,1263,,,,,,,,46467
E14000707,Gainsborough,LIN,EM,Con,Con,"31,790",61.80%,"17,023",67.80%,31790,14767,3630,,,1238,,,,,,,,51425
E14000708,Garston and Halewood,MSY,NW,Lab,Lab,"41,599",77.70%,"32,149",71.10%,9450,41599,1723,,,750,,,,,,,,53522
E14000709,Gateshead,TWR,NE,Lab,Lab,"27,426",65.10%,"17,350",64.60%,10076,27426,1709,,2281,611,,,,,,,,42103
E14000710,Gedling,NTT,EM,Lab,Lab,"26,833",51.90%,"4,694",72.60%,22139,26833,1052,,1143,515,,,,,,,,51682
E14000711,Gillingham and Rainham,KEN,SE,Con,Con,"27,091",55.40%,"9,430",67.00%,27091,17661,1372,,2097,520,,,,,,,127,48868
S14000029,Glasgow Central,SCT,SCT,SNP,SNP,"16,096",44.70%,"2,267",55.90%,5014,13829,1045,16096,,,,,,,,,,35984
S14000030,Glasgow East,SCT,SCT,SNP,SNP,"14,024",38.80%,75,54.60%,6816,13949,567,14024,504,,,,,,,,306,36166
S14000031,Glasgow North,SCT,SCT,SNP,SNP,"12,597",37.60%,"1,060",62.10%,4935,11537,1153,12597,,3251,,,,,,,,33473
S14000032,Glasgow North East,SCT,SCT,SNP,Lab,"13,637",42.90%,242,53.00%,4106,13637,637,13395,,,,,,,,,,31775
S14000033,Glasgow North West,SCT,SCT,SNP,SNP,"16,508",42.50%,"2,561",60.90%,7002,13947,1387,16508,,,,,,,,,,38844
S14000034,Glasgow South,SCT,SCT,SNP,SNP,"18,312",41.10%,"2,027",64.40%,8506,16285,1447,18312,,,,,,,,,,44550
S14000035,Glasgow South West,SCT,SCT,SNP,SNP,"14,386",40.70%,60,56.20%,5524,14326,661,14386,481,,,,,,,,,35378
S14000036,Glenrothes,SCT,SCT,SNP,SNP,"17,291",42.80%,"3,267",60.90%,7876,14024,1208,17291,,,,,,,,,,40399
E14000712,Gloucester,GLS,SW,Con,Con,"27,208",50.30%,"5,520",65.20%,27208,21688,2716,,1495,754,,,,,,,210,54071
S14000037,Gordon,SCT,SCT,SNP,Con,"21,861",40.70%,"2,607",68.40%,21861,6340,6230,19254,,,,,,,,,,53685
E14000713,Gosport,HAM,SE,Con,Con,"30,647",61.90%,"17,211",66.70%,30647,13436,2328,,1790,1024,,,,,,,256,49481
W07000046,Gower,WGM,WLS,Con,Lab,"22,727",49.90%,"3,269",73.30%,19458,22727,931,,642,,,,1669,,,,149,45576
E14000714,Grantham and Stamford,LIN,EM,Con,Con,"35,090",62.00%,"20,094",69.20%,35090,14996,3120,,1745,782,,,,,,,860,56593
E14000715,Gravesham,KEN,SE,Con,Con,"27,237",55.60%,"9,347",67.20%,27237,17890,1210,,1742,723,,,,,,,195,48997
E14000716,Great Grimsby,HUM,YTH,Lab,Lab,"17,545",49.40%,"2,565",57.50%,14980,17545,954,,1648,,,,,,,,394,35521
E14000717,Great Yarmouth,NFK,E,Con,Con,"23,901",54.10%,"7,973",61.80%,23901,15928,987,,2767,563,,,,,,,,44146
E14000718,Greenwich and Woolwich,LND,LND,Lab,Lab,"34,215",64.40%,"20,714",68.80%,13501,34215,3785,,,1605,,,,,,,,53106
E14000719,Guildford,SRY,SE,Con,Con,"30,295",54.60%,"17,040",73.70%,30295,10545,13255,,,1152,,,,,,,262,55509
E14000720,Hackney North and Stoke Newington,LND,LND,Lab,Lab,"42,265",75.10%,"35,139",66.20%,7126,42265,3817,,,2606,,,,,,,484,56298
E14000721,Hackney South and Shoreditch,LND,LND,Lab,Lab,"43,974",79.40%,"37,931",66.60%,6043,43974,3168,,,1522,,,,,,,647,55354
E14000722,Halesowen and Rowley Regis,WMD,WM,Con,Con,"23,012",51.90%,"5,253",64.50%,23012,17759,859,,2126,440,,,,,,,183,44379
E14000723,Halifax,WYK,YTH,Lab,Lab,"25,507",52.80%,"5,376",67.80%,20131,25507,1070,,1568,,,,,,,,,48276
E14000724,Haltemprice and Howden,HUM,YTH,Con,Con,"31,355",61.00%,"15,405",71.90%,31355,15950,2482,,,711,,,,,,,942,51440
E14000725,Halton,CHS,NW,Lab,Lab,"36,115",72.90%,"25,405",67.40%,10710,36115,896,,1488,,,,,,,,309,49518
E14000726,Hammersmith,LND,LND,Lab,Lab,"33,375",63.90%,"18,651",71.80%,14724,33375,2802,,507,800,,,,,,,44,52252
E14000727,Hampstead and Kilburn,LND,LND,Lab,Lab,"34,464",59.00%,"15,560",70.40%,18904,34464,4100,,,742,,,,,,,197,58407
E14000728,Harborough,LEI,EM,Con,Con,"30,135",52.30%,"12,429",73.10%,30135,17706,7286,,1361,1110,,,,,,,,57598
E14000729,Harlow,ESS,E,Con,Con,"24,230",54.00%,"7,031",66.20%,24230,17199,970,,1787,660,,,,,,,,44846
E14000730,Harrogate and Knaresborough,NYK,YTH,Con,Con,"31,477",55.50%,"18,168",73.40%,31477,11395,13309,,,,,,,,,,559,56740
E14000731,Harrow East,LND,LND,Con,Con,"25,129",49.40%,"1,757",70.90%,25129,23372,1573,,,771,,,,,,,,50845
E14000732,Harrow West,LND,LND,Lab,Lab,"30,640",60.80%,"13,314",72.10%,17326,30640,1267,,470,652,,,,,,,,50355
E14000733,Hartlepool,CLV,NE,Lab,Lab,"21,969",52.50%,"7,650",59.20%,14319,21969,746,,4801,,,,,,,,,41835
E14000734,Harwich and North Essex,ESS,E,Con,Con,"29,921",58.50%,"14,356",71.70%,29921,15565,2787,,1685,1042,,,,,,,141,51141
E14000735,Hastings and Rye,SXE,SE,Con,Con,"25,668",46.90%,346,69.90%,25668,25322,1885,,1479,,,,,,,,412,54766
E14000736,Havant,HAM,SE,Con,Con,"27,676",59.80%,"15,956",63.90%,27676,11720,2801,,2011,1122,,,,,,,984,46314
E14000737,Hayes and Harlington,LND,LND,Lab,Lab,"31,796",66.50%,"18,115",65.20%,13681,31796,601,,1153,571,,,,,,,,47802
E14000738,Hazel Grove,GTM,NW,Con,Con,"20,047",45.40%,"5,514",69.90%,20047,9036,14533,,,516,,,,,,,,44132
E14000739,Hemel Hempstead,HRT,E,Con,Con,"28,735",55.00%,"9,445",70.30%,28735,19290,3233,,,1024,,,,,,,,52282
E14000740,Hemsworth,WYK,YTH,Lab,Lab,"25,740",56.00%,"10,174",63.90%,15566,25740,912,,2591,,,,,,,,1135,45944
E14000741,Hendon,LND,LND,Con,Con,"25,078",48.00%,"1,072",68.20%,25078,24006,1985,,568,578,,,,,,,,52215
E14000742,Henley,OXF,SE,Con,Con,"33,749",59.10%,"22,294",76.10%,33749,11455,8485,,1154,1864,,,,,,,392,57099
E14000743,Hereford and South Herefordshire,HWR,WM,Con,Con,"27,004",53.50%,"15,013",71.00%,27004,11991,3556,,1153,1220,,,,,,,5560,50484
E14000744,Hertford and Stortford,HRT,E,Con,Con,"36,184",60.30%,"19,035",72.90%,36184,17149,4845,,,1814,,,,,,,,59992
E14000745,Hertsmere,HRT,E,Con,Con,"31,928",61.10%,"16,951",71.00%,31928,14977,2794,,1564,990,,,,,,,,52253
E14000746,Hexham,NBL,NE,Con,Con,"24,996",54.10%,"9,236",75.70%,24996,15760,3285,,930,1253,,,,,,,,46224
E14000747,Heywood and Middleton,GTM,NW,Lab,Lab,"26,578",53.30%,"7,617",62.40%,18961,26578,1087,,3239,,,,,,,,,49865
E14000748,High Peak,DBY,EM,Con,Lab,"26,753",49.70%,"2,322",73.50%,24431,26753,2669,,,,,,,,,,,53853
E14000749,Hitchin and Harpenden,HRT,E,Con,Con,"31,189",53.10%,"12,031",77.40%,31189,19158,6236,,,1329,,,,,,,871,58783
E14000750,Holborn and St Pancras,LND,LND,Lab,Lab,"41,343",70.10%,"30,509",67.00%,10834,41343,4020,,727,1980,,,,,,,93,58997
E14000751,Hornchurch and Upminster,LND,LND,Con,Con,"33,750",60.20%,"17,723",69.40%,33750,16027,1371,,3502,1077,,,,,,,318,56045
E14000752,Hornsey and Wood Green,LND,LND,Lab,Lab,"40,738",65.40%,"30,738",77.90%,9246,40738,10000,,429,1181,,,,,,,699,62293
E14000753,Horsham,WSX,SE,Con,Con,"36,906",59.50%,"23,484",74.90%,36906,13422,7644,,1533,1844,,,,,,,638,61987
E14000754,Houghton and Sunderland South,TWR,NE,Lab,Lab,"24,665",59.50%,"12,341",60.90%,12324,24665,908,,2379,725,,,,,,,479,41480
E14000755,Hove,SXE,SE,Lab,Lab,"36,942",64.10%,"18,757",77.60%,18185,36942,1311,,,971,,,,,,,187,57596
E14000756,Huddersfield,WYK,YTH,Lab,Lab,"26,470",60.40%,"12,005",65.40%,14465,26470,1155,,,1395,,,,,,,349,43834
E14000757,Huntingdon,CAM,E,Con,Con,"32,915",55.10%,"14,475",70.90%,32915,18440,5090,,2180,1095,,,,,,,,59720
E14000758,Hyndburn,LAN,NW,Lab,Lab,"24,120",53.40%,"5,815",61.80%,18305,24120,824,,1953,,,,,,,,,45202
E14000759,Ilford North,LND,LND,Lab,Lab,"30,589",57.80%,"9,639",74.80%,20950,30589,1034,,,,,,,,,,368,52941
E14000760,Ilford South,LND,LND,Lab,Lab,"43,724",75.80%,"31,647",69.90%,12077,43724,772,,477,542,,,,,,,65,57657
S14000038,Inverclyde,SCT,SCT,SNP,SNP,"15,050",38.50%,384,66.40%,8399,14666,978,15050,,,,,,,,,,39093
S14000039,"Inverness, Nairn, Badenoch and Strathspey",SCT,SCT,SNP,SNP,"21,042",39.90%,"4,924",68.70%,16118,8552,6477,21042,,,,,,,,,612,52801
E14000761,Ipswich,SFK,E,Con,Lab,"24,235",47.40%,836,67.60%,23399,24235,1187,,1372,840,,,,,,,121,51154
E14000762,Isle of Wight,IOW,SE,Con,Con,"38,190",51.30%,"21,069",67.30%,38190,17121,2740,,1921,12915,,,,,,,1592,74479
E14000763,Islington North,LND,LND,Lab,Lab,"40,086",73.00%,"33,215",73.40%,6871,40086,4946,,413,2229,,,,,,,383,54928
E14000764,Islington South and Finsbury,LND,LND,Lab,Lab,"30,188",62.80%,"20,263",69.10%,9925,30188,5809,,929,1198,,,,,,,,48049
W07000077,Islwyn,GNT,WLS,Lab,Lab,"21,238",58.80%,"11,412",64.20%,9826,21238,685,,1605,,,,2739,,,,,36093
E14000765,Jarrow,TWR,NE,Lab,Lab,"28,020",65.10%,"17,263",66.40%,10757,28020,1163,,2338,745,,,,,,,,43023
E14000766,Keighley,WYK,YTH,Con,Lab,"24,056",46.50%,239,72.40%,23817,24056,1226,,1291,790,,,,,,,534,51714
E14000767,Kenilworth and Southam,WAR,WM,Con,Con,"31,207",60.80%,"18,076",77.40%,31207,13131,4921,,929,1133,,,,,,,,51321
E14000768,Kensington,LND,LND,Con,Lab,"16,333",42.20%,20,63.80%,16313,16333,4724,,,767,,,,,,,540,38677
E14000769,Kettering,NTH,EM,Con,Con,"28,616",57.90%,"10,562",69.20%,28616,18054,1618,,,1116,,,,,,,,49404
S14000040,Kilmarnock and Loudoun,SCT,SCT,SNP,SNP,"19,690",42.30%,"6,269",63.40%,12404,13421,994,19690,,,,,,,,,,46509
E14000770,Kingston and Surbiton,LND,LND,Con,LD,"27,810",44.70%,"4,124",76.20%,23686,9203,27810,,675,536,,,,,,,268,62178
E14000771,Kingston upon Hull East,HUM,YTH,Lab,Lab,"21,355",58.30%,"10,396",55.50%,10959,21355,1258,,2573,493,,,,,,,,36638
E14000772,Kingston upon Hull North,HUM,YTH,Lab,Lab,"23,685",63.80%,"14,322",57.40%,9363,23685,1869,,1601,604,,,,,,,,37122
E14000773,Kingston upon Hull West and Hessle,HUM,YTH,Lab,Lab,"18,342",53.10%,"8,025",57.40%,10317,18342,2210,,1399,332,,,,,,,1965,34565
E14000774,Kingswood,AVN,SW,Con,Con,"26,754",54.90%,"7,500",70.30%,26754,19254,1749,,,984,,,,,,,,48741
S14000041,Kirkcaldy and Cowdenbeath,SCT,SCT,SNP,Lab,"17,016",36.80%,259,63.50%,10762,17016,1118,16757,540,,,,,,,,,46193
E14000775,Knowsley,MSY,NW,Lab,Lab,"47,351",85.30%,"42,214",67.90%,5137,47351,1189,,1285,521,,,,,,,,55483
N06000009,Lagan Valley,NIR,NIR,DUP,DUP,"26,762",59.60%,"19,229",62.10%,462,,,,,,26762,1567,,3384,7533,4996,222,44926
S14000042,Lanark and Hamilton East,SCT,SCT,SNP,SNP,"16,444",32.60%,266,65.30%,16178,16084,1214,16444,550,,,,,,,,,50470
E14000776,Lancaster and Fleetwood,LAN,NW,Lab,Lab,"25,342",55.10%,"6,661",68.50%,18681,25342,1170,,,796,,,,,,,,45989
E14000777,Leeds Central,WYK,YTH,Lab,Lab,"33,453",70.20%,"23,698",53.20%,9755,33453,1063,,2056,1189,,,,,,,157,47673
E14000778,Leeds East,WYK,YTH,Lab,Lab,"25,428",61.40%,"12,752",62.80%,12676,25428,739,,1742,434,,,,,,,422,41441
E14000779,Leeds North East,WYK,YTH,Lab,Lab,"33,436",63.10%,"16,991",75.60%,16445,33436,1952,,,680,,,,,,,486,52999
E14000780,Leeds North West,WYK,YTH,LD,Lab,"20,416",44.10%,"4,224",67.90%,9097,20416,16192,,,582,,,,,,,,46287
E14000781,Leeds West,WYK,YTH,Lab,Lab,"27,013",64.00%,"15,965",62.10%,11048,27013,905,,1815,1023,,,,,,,425,42229
E14000782,Leicester East,LEI,EM,Lab,Lab,"35,116",67.00%,"22,428",67.40%,12688,35116,1343,,,1070,,,,,,,2207,52424
E14000783,Leicester South,LEI,EM,Lab,Lab,"37,157",73.60%,"26,261",66.90%,10896,37157,1287,,,1177,,,,,,,,50517
E14000784,Leicester West,LEI,EM,Lab,Lab,"22,823",60.80%,"11,060",57.90%,11763,22823,792,,1406,607,,,,,,,121,37512
E14000785,Leigh,GTM,NW,Lab,Lab,"26,347",56.20%,"9,554",61.50%,16793,26347,951,,2783,,,,,,,,,46874
E14000786,Lewes,SXE,SE,Con,Con,"26,820",49.50%,"5,508",76.40%,26820,6060,21312,,,,,,,,,,,54192
E14000789,Lewisham Deptford,LND,LND,Lab,Lab,"42,461",77.00%,"34,899",70.20%,7562,42461,2911,,,1640,,,,,,,538,55112
E14000787,Lewisham East,LND,LND,Lab,Lab,"32,072",67.90%,"21,213",69.30%,10859,32072,2086,,798,803,,,,,,,583,47201
E14000788,Lewisham West and Penge,LND,LND,Lab,Lab,"35,411",66.60%,"23,162",73.00%,12249,35411,3317,,700,1144,,,,,,,375,53196
E14000790,Leyton and Wanstead,LND,LND,Lab,Lab,"32,234",69.80%,"22,607",70.90%,9627,32234,2961,,,1351,,,,,,,,46173
E14000791,Lichfield,STS,WM,Con,Con,"34,018",63.60%,"18,581",71.90%,34018,15437,2653,,,1416,,,,,,,,53524
E14000792,Lincoln,LIN,EM,Con,Lab,"23,333",47.90%,"1,538",66.60%,21795,23333,1284,,1287,583,,,,,,,436,48718
S14000043,Linlithgow and East Falkirk,SCT,SCT,SNP,SNP,"20,388",36.30%,"2,919",65.10%,16311,17469,1926,20388,,,,,,,,,,56094
E14000793,Liverpool Riverside,MSY,NW,Lab,Lab,"40,599",84.50%,"35,947",62.90%,4652,40599,1187,,,1582,,,,,,,,48020
E14000794,Liverpool Walton,MSY,NW,Lab,Lab,"36,175",85.70%,"32,551",67.30%,3624,36175,638,,,523,,,,,,,1237,42197
E14000795,Liverpool Wavertree,MSY,NW,Lab,Lab,"34,717",79.60%,"29,466",69.90%,5251,34717,2858,,,598,,,,,,,216,43640
E14000796,Liverpool West Derby,MSY,NW,Lab,Lab,"37,371",82.70%,"32,908",69.30%,4463,37371,545,,,329,,,,,,,2455,45163
S14000044,Livingston,SCT,SCT,SNP,SNP,"21,036",40.10%,"3,878",64.70%,12799,17158,1512,21036,,,,,,,,,,52505
W07000045,Llanelli,DFD,WLS,Lab,Lab,"21,568",53.50%,"12,024",67.90%,9544,21568,548,,1331,,,,7351,,,,,40342
E14000797,Loughborough,LEI,EM,Con,Con,"27,022",49.90%,"4,269",68.00%,27022,22753,1937,,1465,971,,,,,,,,54148
E14000798,Louth and Horncastle,LIN,EM,Con,Con,"33,733",63.90%,"19,641",66.80%,33733,14092,1990,,2460,,,,,,,,496,52771
E14000799,Ludlow,SAL,WM,Con,Con,"31,433",62.90%,"19,286",73.40%,31433,12147,5336,,,1054,,,,,,,,49970
E14000800,Luton North,BDF,E,Lab,Lab,"29,765",63.80%,"14,364",69.80%,15401,29765,808,,,648,,,,,,,,46622
E14000801,Luton South,BDF,E,Lab,Lab,"28,804",62.40%,"13,925",68.70%,14879,28804,1056,,795,439,,,,,,,160,46133
E14000802,Macclesfield,CHS,NW,Con,Con,"28,595",52.70%,"8,608",72.20%,28595,19987,3350,,,1213,,,,,,,1162,54307
E14000803,Maidenhead,BRK,SE,Con,Con,"37,718",64.80%,"26,457",76.60%,37718,11261,6540,,871,907,,,,,,,942,58239
E14000804,Maidstone and The Weald,KEN,SE,Con,Con,"29,156",56.40%,"17,723",68.70%,29156,11433,8455,,1613,888,,,,,,,172,51717
E14000805,Makerfield,GTM,NW,Lab,Lab,"28,245",60.20%,"13,542",63.20%,14703,28245,1322,,,,,,,,,,2663,46933
E14000806,Maldon,ESS,E,Con,Con,"34,111",67.90%,"23,430",70.20%,34111,10681,2181,,1899,1073,,,,,,,257,50202
E14000807,Manchester Central,GTM,NW,Lab,Lab,"38,490",77.40%,"31,445",55.10%,7045,38490,1678,,1469,846,,,,,,,192,49720
E14000808,Manchester Gorton,GTM,NW,Lab,Lab,"35,085",76.30%,"31,730",61.00%,3355,35085,2597,,952,1038,,,,,,,2926,45953
E14000809,Manchester Withington,GTM,NW,Lab,Lab,"38,424",71.70%,"29,875",71.80%,5530,38424,8549,,,865,,,,,,,234,53602
E14000810,Mansfield,NTT,EM,Lab,Con,"23,392",46.60%,"1,057",64.50%,23392,22335,697,,2654,,,,,,,,1079,50157
E14000811,Meon Valley,HAM,SE,Con,Con,"35,624",65.70%,"25,692",73.00%,35624,9932,5900,,1435,1301,,,,,,,,54192
E14000812,Meriden,WMD,WM,Con,Con,"33,873",62.00%,"19,198",67.10%,33873,14675,2663,,2016,1416,,,,,,,,54643
W07000071,Merthyr Tydfil and Rhymney,GNT,WLS,Lab,Lab,"22,407",66.80%,"16,334",60.50%,6073,22407,841,,1484,,,,2740,,,,,33545
E14000813,Mid Bedfordshire,BDF,E,Con,Con,"38,936",61.70%,"20,983",75.00%,38936,17953,3788,,,1794,,,,,,,667,63138
E14000814,Mid Derbyshire,DBY,EM,Con,Con,"29,513",58.60%,"11,616",74.70%,29513,17897,1793,,,1168,,,,,,,,50371
E14000815,Mid Dorset and North Poole,DOR,SW,Con,Con,"28,585",59.20%,"15,339",74.20%,28585,6423,13246,,,,,,,,,,,48254
E14000816,Mid Norfolk,NFK,E,Con,Con,"32,828",59.00%,"16,086",69.60%,32828,16742,2848,,2092,1158,,,,,,,,55668
E14000817,Mid Sussex,WSX,SE,Con,Con,"35,082",56.90%,"19,673",73.20%,35082,15409,7855,,1251,1571,,,,,,,464,61632
N06000010,Mid Ulster,NIR,NIR,SF,SF,"25,455",54.50%,"12,890",68.20%,,,,,,,12565,25455,,4563,3017,1094,,46694
E14000818,Mid Worcestershire,HWR,WM,Con,Con,"35,967",65.30%,"23,326",72.40%,35967,12641,3450,,1660,1371,,,,,,,,55089
E14000819,Middlesbrough,CLV,NE,Lab,Lab,"23,404",65.70%,"13,873",58.40%,9531,23404,368,,1452,250,,,,,,,632,35637
E14000820,Middlesbrough South and East Cleveland,CLV,NE,Lab,Con,"23,643",49.60%,"1,020",65.80%,23643,22623,1354,,,,,,,,,,,47620
S14000045,Midlothian,SCT,SCT,SNP,Lab,"16,458",36.40%,885,66.30%,11521,16458,1721,15573,,,,,,,,,,45273
E14000821,Milton Keynes North,BKM,SE,Con,Con,"30,367",47.50%,"1,975",71.70%,30367,28392,2499,,1390,1107,,,,,,,169,63924
E14000822,Milton Keynes South,BKM,SE,Con,Con,"30,652",47.50%,"1,725",69.80%,30652,28927,1895,,1833,1179,,,,,,,,64486
E14000823,Mitcham and Morden,LND,LND,Lab,Lab,"33,039",68.70%,"21,375",70.00%,11664,33039,1494,,1054,644,,,,,,,223,48118
E14000824,Mole Valley,SRY,SE,Con,Con,"35,092",61.90%,"24,137",76.10%,35092,7864,10955,,1352,1463,,,,,,,,56726
W07000054,Monmouth,GNT,WLS,Con,Con,"26,411",53.10%,"8,206",76.60%,26411,18205,2064,,762,954,,,1338,,,,,49734
W07000063,Montgomeryshire,POW,WLS,Con,Con,"18,075",51.80%,"9,285",68.70%,18075,5542,8790,,,524,,,1960,,,,,34891
S14000046,Moray,SCT,SCT,SNP,Con,"22,637",47.60%,"4,159",67.40%,22637,5208,1078,18478,,,,,,,,,204,47605
E14000825,Morecambe and Lunesdale,LAN,NW,Con,Con,"21,773",47.70%,"1,399",68.30%,21773,20374,1699,,1333,478,,,,,,,,45657
E14000826,Morley and Outwood,WYK,YTH,Con,Con,"26,550",50.70%,"2,104",68.40%,26550,24446,1361,,,,,,,,,,,52357
S14000047,Motherwell and Wishaw,SCT,SCT,SNP,SNP,"16,150",38.50%,318,61.50%,8490,15832,920,16150,534,,,,,,,,,41926
S14000027,Na h-Eileanan an Iar,SCT,SCT,SNP,SNP,"6,013",40.60%,"1,007",69.60%,2441,5006,250,6013,,,,,,,,,1108,14818
W07000069,Neath,WGM,WLS,Lab,Lab,"21,713",56.70%,"12,631",68.50%,9082,21713,732,,1419,,,,5339,,,,,38285
E14000827,New Forest East,HAM,SE,Con,Con,"32,162",62.60%,"21,995",70.80%,32162,10167,7786,,,1251,,,,,,,,51366
E14000828,New Forest West,HAM,SE,Con,Con,"33,170",66.80%,"23,431",72.10%,33170,9739,4781,,,1454,,,,,,,483,49627
E14000829,Newark,NTT,EM,Con,Con,"34,493",62.70%,"18,149",72.90%,34493,16344,2786,,1419,,,,,,,,,55042
E14000830,Newbury,BRK,SE,Con,Con,"37,399",61.50%,"24,380",73.40%,37399,8596,13019,,,1531,,,,,,,304,60849
E14000831,Newcastle upon Tyne Central,TWR,NE,Lab,Lab,"24,071",64.90%,"14,937",67.00%,9134,24071,1812,,1482,595,,,,,,,,37094
E14000832,Newcastle upon Tyne East,TWR,NE,Lab,Lab,"28,127",67.60%,"19,261",67.20%,8866,28127,2574,,1315,755,,,,,,,,41637
E14000833,Newcastle upon Tyne North,TWR,NE,Lab,Lab,"26,729",55.40%,"10,349",73.10%,16380,26729,2533,,1780,513,,,,,,,353,48288
E14000834,Newcastle-under-Lyme,STS,WM,Lab,Lab,"21,124",48.20%,30,66.80%,21094,21124,1624,,,,,,,,,,,43842
W07000055,Newport East,GNT,WLS,Lab,Lab,"20,804",56.50%,"8,003",64.30%,12801,20804,966,,1180,,,,881,,,,188,36820
W07000056,Newport West,GNT,WLS,Lab,Lab,"22,723",52.30%,"5,658",67.50%,17065,22723,976,,1100,497,,,1077,,,,,43438
N06000011,Newry and Armagh,NIR,NIR,SF,SF,"25,666",47.90%,"12,489",68.50%,,,,,,,13177,25666,,9055,4425,1256,,53579
E14000835,Newton Abbot,DEV,SW,Con,Con,"28,635",55.50%,"17,160",72.00%,28635,11475,10601,,,926,,,,,,,,51637
E14000836,"Normanton, Pontefract and Castleford",WYK,YTH,Lab,Lab,"29,268",59.50%,"14,499",60.30%,14769,29268,693,,3030,,,,,,,,1431,49191
N06000012,North Antrim,NIR,NIR,DUP,DUP,"28,521",58.90%,"20,643",64.10%,,,,,,,28521,7878,,2574,3482,2723,3282,48460
S14000048,North Ayrshire and Arran,SCT,SCT,SNP,SNP,"18,451",38.90%,"3,633",64.80%,14818,13040,1124,18451,,,,,,,,,,47433
E14000837,North Cornwall,CUL,SW,Con,Con,"25,835",50.70%,"7,200",74.00%,25835,6151,18635,,,,,,,,,,323,50944
E14000838,North Devon,DEV,SW,Con,Con,"25,517",45.80%,"4,332",73.50%,25517,7063,21185,,1187,753,,,,,,,,55705
E14000839,North Dorset,DOR,SW,Con,Con,"36,169",64.90%,"25,777",73.00%,36169,10392,7556,,,1607,,,,,,,,55724
N06000013,North Down,NIR,NIR,Ind,Ind,"16,148",41.20%,"1,208",60.90%,941,,,,,2549,14940,531,,400,,3639,16185,39185
E14000840,North Durham,DUR,NE,Lab,Lab,"25,917",59.90%,"12,939",64.60%,12978,25917,1981,,2408,,,,,,,,,43284
E14000841,North East Bedfordshire,BDF,E,Con,Con,"39,139",60.90%,"20,862",73.40%,39139,18277,3693,,1896,1215,,,,,,,,64220
E14000842,North East Cambridgeshire,CAM,E,Con,Con,"34,340",64.40%,"21,270",63.10%,34340,13070,2383,,2174,1024,,,,,,,293,53284
E14000843,North East Derbyshire,DBY,EM,Lab,Con,"24,783",49.20%,"2,860",69.90%,24783,21923,1390,,1565,719,,,,,,,,50380
S14000049,North East Fife,SCT,SCT,SNP,SNP,"13,743",32.90%,2,71.30%,10088,4026,13741,13743,,,,,,,,,224,41822
E14000844,North East Hampshire,HAM,SE,Con,Con,"37,754",65.50%,"27,772",77.30%,37754,9982,6987,,1061,1476,,,,,,,367,57627
E14000845,North East Hertfordshire,HRT,E,Con,Con,"32,587",58.60%,"16,835",73.20%,32587,15752,4276,,,2965,,,,,,,,55580
E14000846,North East Somerset,AVN,SW,Con,Con,"28,992",53.60%,"10,235",75.70%,28992,18757,4461,,,1245,,,,,,,588,54043
E14000847,North Herefordshire,HWR,WM,Con,Con,"31,097",62.00%,"21,602",74.10%,31097,9495,5874,,,2771,,,,,,,940,50177
E14000848,North Norfolk,NFK,E,LD,LD,"25,260",48.40%,"3,512",75.30%,21748,5180,25260,,,,,,,,,,,52188
E14000849,North Shropshire,SAL,WM,Con,Con,"33,642",60.50%,"16,355",69.00%,33642,17287,2948,,,1722,,,,,,,,55599
E14000850,North Somerset,AVN,SW,Con,Con,"33,605",54.20%,"17,103",77.00%,33605,16502,5982,,,1976,,,,,,,3929,61994
E14000851,North Swindon,WIL,SW,Con,Con,"29,431",53.60%,"8,335",68.50%,29431,21096,1962,,1564,858,,,,,,,,54911
E14000852,North Thanet,KEN,SE,Con,Con,"27,163",56.20%,"10,738",66.50%,27163,16425,1586,,2198,825,,,,,,,128,48325
E14000853,North Tyneside,TWR,NE,Lab,Lab,"33,456",64.50%,"19,284",65.80%,14172,33456,1494,,2101,669,,,,,,,,51892
E14000854,North Warwickshire,WAR,WM,Con,Con,"26,860",56.90%,"8,510",65.30%,26860,18350,1028,,,940,,,,,,,,47178
E14000855,North West Cambridgeshire,CAM,E,Con,Con,"37,529",58.60%,"18,008",68.60%,37529,19521,3168,,2518,1255,,,,,,,,63991
E14000856,North West Durham,DUR,NE,Lab,Lab,"25,308",52.80%,"8,792",66.60%,16516,25308,3398,,2150,530,,,,,,,,47902
E14000857,North West Hampshire,HAM,SE,Con,Con,"36,471",62.10%,"22,679",72.20%,36471,13792,5708,,1467,1334,,,,,,,,58772
E14000858,North West Leicestershire,LEI,EM,Con,Con,"31,153",58.20%,"13,286",71.00%,31153,17867,3420,,,1101,,,,,,,,53541
E14000859,North West Norfolk,NFK,E,Con,Con,"29,408",60.20%,"13,788",67.70%,29408,15620,1393,,1539,851,,,,,,,,48811
E14000860,North Wiltshire,WIL,SW,Con,Con,"32,398",60.30%,"22,877",75.20%,32398,9399,9521,,871,1141,,,,,,,376,53706
E14000861,Northampton North,NTH,EM,Con,Con,"19,065",47.20%,807,68.60%,19065,18258,1015,,1404,636,,,,,,,,40378
E14000862,Northampton South,NTH,EM,Con,Con,"19,231",46.90%,"1,159",66.40%,19231,18072,1405,,1630,696,,,,,,,,41034
E14000863,Norwich North,NFK,E,Con,Con,"21,900",47.70%,507,68.60%,21900,21393,1480,,,782,,,,,,,340,45895
E14000864,Norwich South,NFK,E,Lab,Lab,"31,311",61.00%,"15,596",69.20%,15715,31311,2841,,,1492,,,,,,,,51359
E14000865,Nottingham East,NTT,EM,Lab,Lab,"28,102",71.50%,"19,590",63.70%,8512,28102,1003,,817,698,,,,,,,195,39327
E14000866,Nottingham North,NTT,EM,Lab,Lab,"23,067",60.20%,"11,160",57.30%,11907,23067,674,,2133,538,,,,,,,,38319
E14000867,Nottingham South,NTT,EM,Lab,Lab,"30,013",62.40%,"15,162",67.60%,14851,30013,1564,,1103,598,,,,,,,,48129
E14000868,Nuneaton,WAR,WM,Con,Con,"23,755",51.60%,"4,739",66.60%,23755,19016,914,,1619,763,,,,,,,,46067
S14000050,Ochil and South Perthshire,SCT,SCT,SNP,Con,"22,469",41.50%,"3,359",70.60%,22469,10847,1742,19110,,,,,,,,,,54168
W07000074,Ogmore,MGM,WLS,Lab,Lab,"23,225",62.40%,"13,871",65.10%,9354,23225,594,,1235,,,,2796,,,,,37204
E14000869,Old Bexley and Sidcup,LND,LND,Con,Con,"29,545",61.50%,"15,466",72.80%,29545,14079,1572,,1619,820,,,,,,,407,48042
E14000870,Oldham East and Saddleworth,GTM,NW,Lab,Lab,"25,629",54.50%,"8,182",65.20%,17447,25629,1683,,2278,,,,,,,,,47037
E14000871,Oldham West and Royton,GTM,NW,Lab,Lab,"29,846",65.20%,"17,198",63.20%,12648,29846,956,,1899,439,,,,,,,,45788
S14000051,Orkney and Shetland,SCT,SCT,LD,LD,"11,312",48.60%,"4,563",68.10%,2024,2664,11312,6749,283,,,,,,,,245,23277
E14000872,Orpington,LND,LND,Con,Con,"31,762",62.90%,"19,461",74.30%,31762,12301,3315,,2023,1060,,,,,,,,50461
E14000873,Oxford East,OXF,SE,Lab,Lab,"35,118",65.20%,"23,284",68.80%,11834,35118,4904,,,1785,,,,,,,255,53896
E14000874,Oxford West and Abingdon,OXF,SE,Con,LD,"26,256",43.70%,816,79.40%,25440,7573,26256,,751,,,,,,,,,60020
S14000052,Paisley and Renfrewshire North,SCT,SCT,SNP,SNP,"17,455",37.40%,"2,613",69.10%,12842,14842,1476,17455,,,,,,,,,,46615
S14000053,Paisley and Renfrewshire South,SCT,SCT,SNP,SNP,"16,964",40.70%,"2,541",68.00%,8122,14423,1327,16964,,,,,,,,,876,41712
E14000875,Pendle,LAN,NW,Con,Con,"21,986",49.00%,"1,279",69.00%,21986,20707,941,,,502,,,,,,,718,44854
E14000876,Penistone and Stocksbridge,SYK,YTH,Lab,Lab,"22,807",45.80%,"1,322",69.80%,21485,22807,2042,,3453,,,,,,,,,49787
E14000877,Penrith and The Border,CMA,NW,Con,Con,"28,078",60.40%,"15,910",71.30%,28078,12168,3641,,1142,1029,,,,,,,412,46470
S14000054,Perth and North Perthshire,SCT,SCT,SNP,SNP,"21,804",42.30%,21,71.80%,21783,5349,2589,21804,,,,,,,,,,51525
E14000878,Peterborough,CAM,E,Con,Lab,"22,950",48.10%,607,66.70%,22343,22950,1597,,,848,,,,,,,,47738
E14000879,Plymouth Moor View,DEV,SW,Con,Con,"23,567",51.90%,"5,019",65.50%,23567,18548,917,,1849,536,,,,,,,,45417
E14000880,Plymouth Sutton and Devonport,DEV,SW,Con,Lab,"27,283",53.30%,"6,807",66.90%,20476,27283,1244,,1364,604,,,,,,,237,51208
W07000075,Pontypridd,MGM,WLS,Lab,Lab,"22,103",55.40%,"11,448",65.90%,10655,22103,1963,,1071,,,,4102,,,,,39894
E14000881,Poole,DOR,SW,Con,Con,"28,888",57.90%,"14,209",67.60%,28888,14679,4433,,,1299,,,,,,,551,49850
E14000882,Poplar and Limehouse,LND,LND,Lab,Lab,"39,558",67.30%,"27,712",67.30%,11846,39558,3959,,849,989,,,,,,,1613,58814
E14000883,Portsmouth North,HAM,SE,Con,Con,"25,860",54.80%,"9,965",66.10%,25860,15895,2608,,1926,791,,,,,,,130,47210
E14000884,Portsmouth South,HAM,SE,Con,Lab,"18,290",41.00%,"1,554",63.90%,16736,18290,7699,,1129,712,,,,,,,,44566
W07000065,Preseli Pembrokeshire,DFD,WLS,Con,Con,"18,302",43.40%,314,72.10%,18302,17988,1106,,850,,,,2711,,,,1240,42197
E14000885,Preston,LAN,NW,Lab,Lab,"24,210",68.00%,"15,723",61.60%,8487,24210,1204,,1348,348,,,,,,,,35597
E14000886,Pudsey,WYK,YTH,Con,Con,"25,550",47.40%,331,74.30%,25550,25219,1761,,,,,,,,,,1429,53959
E14000887,Putney,LND,LND,Con,Con,"20,679",44.10%,"1,554",72.10%,20679,19125,5448,,477,1107,,,,,,,58,46894
E14000888,Rayleigh and Wickford,ESS,E,Con,Con,"36,914",66.70%,"23,450",70.40%,36914,13464,1557,,2326,1062,,,,,,,,55323
E14000889,Reading East,BRK,SE,Con,Lab,"27,093",49.00%,"3,749",73.10%,23344,27093,3378,,,1093,,,,,,,330,55238
E14000890,Reading West,BRK,SE,Con,Con,"25,311",48.90%,"2,876",69.50%,25311,22435,3041,,,979,,,,,,,,51766
E14000891,Redcar,CLV,NE,Lab,Lab,"23,623",55.50%,"9,485",63.70%,14138,23623,2849,,1950,,,,,,,,,42560
E14000892,Redditch,HWR,WM,Con,Con,"23,652",52.30%,"7,363",70.20%,23652,16289,1173,,1371,380,,,,,,,2338,45203
E14000893,Reigate,SRY,SE,Con,Con,"30,896",57.40%,"17,614",72.10%,30896,13282,5889,,1542,2214,,,,,,,,53823
W07000052,Rhondda,MGM,WLS,Lab,Lab,"21,096",64.10%,"13,746",65.20%,3333,21096,277,,880,,,,7350,,,,,32936
E14000894,Ribble Valley,LAN,NW,Con,Con,"31,919",57.80%,"13,199",70.80%,31919,18720,3247,,,1314,,,,,,,,55200
E14000895,Richmond (Yorks),NYK,YTH,Con,Con,"36,458",63.90%,"23,108",70.50%,36458,13350,3360,,,1739,,,,,,,2106,57013
E14000896,Richmond Park,LND,LND,Con,Con,"28,588",45.10%,45,79.10%,28588,5773,28543,,426,,,,,,,,,63330
E14000897,Rochdale,GTM,NW,Lab,Lab,"29,035",58.00%,"14,819",64.10%,14216,29035,4027,,1641,,,,,,,,1125,50044
E14000898,Rochester and Strood,KEN,SE,Con,Con,"29,232",54.40%,"9,850",65.00%,29232,19382,1189,,2893,781,,,,,,,292,53769
E14000899,Rochford and Southend East,ESS,E,Con,Con,"23,013",48.70%,"5,548",64.30%,23013,17465,1265,,1777,804,,,,,,,2924,47248
E14000900,Romford,LND,LND,Con,Con,"29,671",59.40%,"13,778",68.00%,29671,15893,1215,,2350,815,,,,,,,,49944
E14000901,Romsey and Southampton North,HAM,SE,Con,Con,"28,668",57.20%,"18,046",74.60%,28668,9614,10622,,,953,,,,,,,271,50128
S14000055,"Ross, Skye and Lochaber",SCT,SCT,SNP,SNP,"15,480",40.30%,"5,919",71.70%,9561,4695,8042,15480,,,,,,,,,676,38454
E14000902,Rossendale and Darwen,LAN,NW,Con,Con,"25,499",50.80%,"3,216",69.20%,25499,22283,1550,,,824,,,,,,,,50156
E14000903,Rother Valley,SYK,YTH,Lab,Lab,"23,821",48.10%,"3,882",65.80%,19939,23821,1155,,3704,869,,,,,,,,49488
E14000904,Rotherham,SYK,YTH,Lab,Lab,"21,404",56.40%,"11,387",60.00%,10017,21404,1754,,3316,,,,,,,,1432,37923
E14000905,Rugby,WAR,WM,Con,Con,"27,872",54.30%,"8,212",71.10%,27872,19660,2851,,,953,,,,,,,,51336
E14000906,"Ruislip, Northwood and Pinner",LND,LND,Con,Con,"30,555",57.20%,"13,980",72.70%,30555,16575,3813,,1171,1268,,,,,,,,53382
E14000907,Runnymede and Weybridge,SRY,SE,Con,Con,"31,436",60.90%,"18,050",68.90%,31436,13386,3765,,1675,1347,,,,,,,,51609
E14000908,Rushcliffe,NTT,EM,Con,Con,"30,223",51.80%,"8,010",78.00%,30223,22213,2759,,1490,1626,,,,,,,,58311
S14000056,Rutherglen and Hamilton West,SCT,SCT,SNP,Lab,"19,101",37.50%,265,63.50%,9941,19101,2158,18836,465,,,,,,,,371,50872
E14000909,Rutland and Melton,LEI,EM,Con,Con,"36,169",62.80%,"23,104",73.40%,36169,13065,4711,,1869,1755,,,,,,,,57569
E14000910,Saffron Walden,ESS,E,Con,Con,"37,629",61.80%,"24,966",73.30%,37629,12663,8528,,2091,,,,,,,,,60911
E14000911,Salford and Eccles,GTM,NW,Lab,Lab,"31,168",65.50%,"19,132",61.00%,12036,31168,1286,,2320,809,,,,,,,,47619
E14000912,Salisbury,WIL,SW,Con,Con,"30,952",58.10%,"17,333",73.10%,30952,13619,5982,,1191,1152,,,,,,,415,53311
E14000913,Scarborough and Whitby,NYK,YTH,Con,Con,"24,401",48.40%,"3,435",68.50%,24401,20966,1354,,1682,915,,,,,,,1131,50449
E14000914,Scunthorpe,HUM,YTH,Lab,Lab,"20,916",52.00%,"3,431",65.30%,17485,20916,554,,1247,,,,,,,,,40202
E14000915,Sedgefield,DUR,NE,Lab,Lab,"22,202",53.40%,"6,059",65.10%,16143,22202,797,,1763,686,,,,,,,,41591
E14000916,Sefton Central,MSY,NW,Lab,Lab,"32,830",63.00%,"15,618",75.50%,17212,32830,1381,,,656,,,,,,,,52079
E14000917,Selby and Ainsty,NYK,YTH,Con,Con,"32,921",58.70%,"13,772",73.90%,32921,19149,2293,,1713,,,,,,,,,56076
E14000918,Sevenoaks,KEN,SE,Con,Con,"32,644",63.70%,"21,917",71.60%,32644,10727,4280,,1894,1673,,,,,,,,51218
#N/A,Sheffield Brightside and Hillsborough,SYK,YTH,Lab,Lab,"28,193",67.30%,"19,143",59.50%,9050,28193,1061,,2645,737,,,,,,,184,41870
E14000919,Sheffield Central,SYK,YTH,Lab,Lab,"33,963",70.90%,"27,748",61.70%,6215,33963,2465,,1060,3848,,,,,,,326,47877
#N/A,Sheffield Hallam,SYK,YTH,LD,Lab,"21,881",38.40%,"2,125",77.60%,13561,21881,19756,,929,823,,,,,,,70,57020
#N/A,Sheffield Heeley,SYK,YTH,Lab,Lab,"26,524",60.00%,"13,828",65.00%,12696,26524,2022,,1977,943,,,,,,,64,44226
E14000920,Sheffield South East,SYK,YTH,Lab,Lab,"25,520",58.50%,"11,798",63.20%,13722,25520,1432,,2820,,,,,,,,102,43596
E14000924,Sherwood,NTT,EM,Con,Con,"27,492",51.50%,"5,198",70.00%,27492,22294,1113,,1801,664,,,,,,,,53364
E14000925,Shipley,WYK,YTH,Con,Con,"27,417",51.30%,"4,681",73.00%,27417,22736,2202,,,,,,,,,,1040,53395
E14000926,Shrewsbury and Atcham,SAL,WM,Con,Con,"29,073",50.00%,"6,627",73.60%,29073,22446,4254,,1363,1067,,,,,,,,58203
E14000927,Sittingbourne and Sheppey,KEN,SE,Con,Con,"30,911",60.20%,"15,211",62.90%,30911,15700,1392,,,558,,,,,,,2828,51389
E14000928,Skipton and Ripon,NYK,YTH,Con,Con,"36,425",62.70%,"19,985",74.40%,36425,16440,,,,3734,,,,,,,1539,58138
E14000929,Sleaford and North Hykeham,LIN,EM,Con,Con,"42,245",64.20%,"25,237",72.40%,42245,17008,2722,,1954,968,,,,,,,900,65797
E14000930,Slough,BRK,SE,Lab,Lab,"34,170",62.90%,"16,998",65.20%,17172,34170,1308,,1228,,,,,,,,417,54295
E14000931,Solihull,WMD,WM,Con,Con,"32,985",58.10%,"20,571",73.00%,32985,12414,8901,,1291,1157,,,,,,,,56748
E14000932,Somerton and Frome,SOM,SW,Con,Con,"36,231",56.70%,"22,906",75.70%,36231,10998,13325,,,2347,,,,,,,991,63892
N06000014,South Antrim,NIR,NIR,UUP,DUP,"16,508",38.20%,"3,208",63.30%,,,,,,,16508,7797,,2362,13300,3203,,43170
E14000933,South Basildon and East Thurrock,ESS,E,Con,Con,"26,811",56.90%,"11,490",64.10%,26811,15321,732,,3193,680,,,,,,,383,47120
E14000934,South Cambridgeshire,CAM,E,Con,Con,"33,631",51.80%,"15,952",76.20%,33631,17679,12102,,,1512,,,,,,,,64924
E14000935,South Derbyshire,DBY,EM,Con,Con,"30,907",58.70%,"11,970",68.90%,30907,18937,1870,,,917,,,,,,,,52631
E14000936,South Dorset,DOR,SW,Con,Con,"29,135",56.10%,"11,695",71.80%,29135,17440,3053,,,2278,,,,,,,,51906
N06000015,South Down,NIR,NIR,SDLP,SF,"20,328",39.90%,"2,446",67.20%,,,,,,,8867,20328,,17882,2002,1814,,50893
E14000937,South East Cambridgeshire,CAM,E,Con,Con,"33,601",53.30%,"16,158",73.20%,33601,17443,11958,,,,,,,,,,,63002
E14000938,South East Cornwall,CUL,SW,Con,Con,"29,493",55.40%,"17,443",74.00%,29493,12050,10346,,,1335,,,,,,,,53224
E14000939,South Holland and The Deepings,LIN,EM,Con,Con,"35,179",69.90%,"24,897",65.90%,35179,10282,1433,,2185,894,,,,,,,342,50315
E14000940,South Leicestershire,LEI,EM,Con,Con,"34,795",61.40%,"18,631",71.80%,34795,16164,2403,,2235,1092,,,,,,,,56689
E14000941,South Norfolk,NFK,E,Con,Con,"35,580",58.20%,"16,678",73.60%,35580,18902,5074,,,1555,,,,,,,,61111
E14000942,South Northamptonshire,NTH,EM,Con,Con,"40,599",62.50%,"22,840",75.80%,40599,17759,3623,,1363,1357,,,,,,,297,64998
E14000943,South Ribble,LAN,NW,Con,Con,"28,980",52.90%,"7,421",72.40%,28980,21559,2073,,1387,494,,,,,,,341,54834
E14000944,South Shields,TWR,NE,Lab,Lab,"25,078",61.50%,"14,508",64.30%,10570,25078,681,,3006,1437,,,,,,,,40772
E14000945,South Staffordshire,STS,WM,Con,Con,"35,656",69.80%,"22,733",69.60%,35656,12923,1348,,,1182,,,,,,,,51109
E14000946,South Suffolk,SFK,E,Con,Con,"32,829",60.50%,"17,749",71.80%,32829,15080,3154,,1449,1723,,,,,,,,54235
E14000947,South Swindon,WIL,SW,Con,Con,"24,809",48.40%,"2,464",70.80%,24809,22345,2079,,1291,747,,,,,,,,51271
E14000948,South Thanet,KEN,SE,Con,Con,"25,262",50.80%,"6,387",68.80%,25262,18875,1514,,2997,809,,,,,,,296,49753
E14000949,South West Bedfordshire,BDF,E,Con,Con,"32,961",59.20%,"14,168",69.80%,32961,18793,2630,,,950,,,,,,,301,55635
E14000950,South West Devon,DEV,SW,Con,Con,"31,634",59.80%,"15,816",74.20%,31634,15818,2732,,1540,1133,,,,,,,,52857
E14000951,South West Hertfordshire,HRT,E,Con,Con,"35,128",57.90%,"19,550",74.80%,35128,15578,7078,,1293,1576,,,,,,,,60653
E14000952,South West Norfolk,NFK,E,Con,Con,"32,894",62.80%,"18,312",67.30%,32894,14582,2365,,2575,,,,,,,,,52416
E14000953,South West Surrey,SRY,SE,Con,Con,"33,683",55.70%,"21,590",77.40%,33683,7606,5967,,1083,,,,,,,,12093,60432
E14000954,South West Wiltshire,WIL,SW,Con,Con,"32,841",60.00%,"18,326",71.20%,32841,14515,5360,,,1445,,,,,,,590,54751
E14000955,Southampton Itchen,HAM,SE,Con,Con,"21,773",46.50%,31,65.20%,21773,21742,1421,,1122,725,,,,,,,,46783
E14000956,Southampton Test,HAM,SE,Lab,Lab,"27,509",58.70%,"11,503",66.80%,16006,27509,1892,,,,,,,,,,1496,46903
E14000957,Southend West,ESS,E,Con,Con,"26,046",55.20%,"10,000",69.70%,26046,16046,2110,,1666,831,,,,,,,492,47191
E14000958,Southport,MSY,NW,LD,Con,"18,541",38.70%,"2,914",69.10%,18541,15627,12661,,1127,,,,,,,,,47956
E14000959,Spelthorne,SRY,SE,Con,Con,"28,692",57.30%,"13,425",69.00%,28692,15267,2755,,2296,1105,,,,,,,,50115
E14000960,St Albans,HRT,E,Con,Con,"24,571",43.10%,"6,109",78.30%,24571,13137,18462,,,828,,,,,,,,56998
E14000961,St Austell and Newquay,CUL,SW,Con,Con,"26,856",49.50%,"11,142",69.00%,26856,15714,11642,,,,,,,,,,,54212
E14000962,St Helens North,MSY,NW,Lab,Lab,"32,012",63.70%,"18,406",66.00%,13606,32012,1287,,2097,1220,,,,,,,,50222
E14000963,St Helens South and Whiston,MSY,NW,Lab,Lab,"35,879",67.80%,"24,343",66.90%,11536,35879,2101,,1953,1417,,,,,,,,52886
E14000964,St Ives,CUL,SW,Con,Con,"22,120",43.20%,312,76.30%,22120,7298,21808,,,,,,,,,,,51226
E14000965,Stafford,STS,WM,Con,Con,"28,424",54.70%,"7,729",75.90%,28424,20695,1540,,,1265,,,,,,,,51924
E14000966,Staffordshire Moorlands,STS,WM,Con,Con,"25,963",58.10%,"10,830",70.60%,25963,15133,1494,,,541,,,,,,,1524,44655
E14000967,Stalybridge and Hyde,GTM,NW,Lab,Lab,"24,277",57.20%,"8,084",59.50%,16193,24277,996,,,991,,,,,,,,42457
E14000968,Stevenage,HRT,E,Con,Con,"24,798",50.30%,"3,386",69.70%,24798,21412,2032,,,1085,,,,,,,,49327
S14000057,Stirling,SCT,SCT,SNP,Con,"18,291",37.10%,148,74.30%,18291,10902,1683,18143,,,,,,,,,337,49356
E14000969,Stockport,GTM,NW,Lab,Lab,"26,282",63.30%,"14,477",64.70%,11805,26282,1778,,1088,591,,,,,,,,41544
E14000970,Stockton North,CLV,NE,Lab,Lab,"24,304",56.90%,"8,715",64.50%,15589,24304,646,,1834,358,,,,,,,,42731
E14000971,Stockton South,CLV,NE,Con,Lab,"26,102",48.50%,888,71.20%,25214,26102,951,,1186,371,,,,,,,,53824
E14000972,Stoke-on-Trent Central,STS,WM,Lab,Lab,"17,083",51.50%,"3,897",58.20%,13186,17083,680,,1608,378,,,,,,,210,33145
E14000973,Stoke-on-Trent North,STS,WM,Lab,Lab,"21,272",50.90%,"2,359",58.40%,18913,21272,916,,,685,,,,,,,,41786
E14000974,Stoke-on-Trent South,STS,WM,Lab,Con,"20,451",49.10%,663,63.10%,20451,19788,808,,,643,,,,,,,,41690
E14000975,Stone,STS,WM,Con,Con,"31,614",63.20%,"17,495",73.80%,31614,14119,2222,,1370,707,,,,,,,,50032
E14000976,Stourbridge,WMD,WM,Con,Con,"25,706",54.50%,"7,654",67.10%,25706,18052,1083,,1801,493,,,,,,,,47135
N06000016,Strangford,NIR,NIR,DUP,DUP,"24,036",62.00%,"18,343",60.20%,507,,,,,607,24036,1083,,2404,4419,5693,,38749
E14000977,Stratford-on-Avon,WAR,WM,Con,Con,"33,657",62.90%,"21,958",73.80%,33657,11699,6357,,,1345,,,,,,,474,53532
E14000978,Streatham,LND,LND,Lab,Lab,"38,212",68.50%,"26,285",70.90%,11927,38212,3611,,349,1696,,,,,,,,55795
E14000979,Stretford and Urmston,GTM,NW,Lab,Lab,"33,519",66.80%,"19,705",69.90%,13814,33519,1001,,1094,641,,,,,,,122,50191
E14000980,Stroud,GLS,SW,Con,Lab,"29,994",47.00%,687,77.00%,29307,29994,2053,,1039,1423,,,,,,,,63816
E14000981,Suffolk Coastal,SFK,E,Con,Con,"33,713",58.10%,"16,012",73.20%,33713,17701,4048,,,1802,,,,,,,810,58074
E14000982,Sunderland Central,TWR,NE,Lab,Lab,"25,056",55.50%,"9,997",62.00%,15059,25056,1777,,2209,705,,,,,,,305,45111
E14000983,Surrey Heath,SRY,SE,Con,Con,"37,118",64.20%,"24,943",71.60%,37118,12175,6271,,,2258,,,,,,,,57822
E14000984,Sutton and Cheam,LND,LND,Con,Con,"26,567",51.10%,"12,698",73.80%,26567,10663,13869,,,871,,,,,,,,51970
E14000985,Sutton Coldfield,WMD,WM,Con,Con,"32,224",61.00%,"15,339",69.90%,32224,16885,2302,,,965,,,,,,,482,52858
W07000048,Swansea East,WGM,WLS,Lab,Lab,"22,307",63.40%,"13,168",60.10%,9139,22307,625,,1040,359,,,1689,,,,,35159
W07000047,Swansea West,WGM,WLS,Lab,Lab,"22,278",59.80%,"10,598",65.50%,11680,22278,1269,,,434,,,1529,,,,92,37282
E14000986,Tamworth,STS,WM,Con,Con,"28,748",61.00%,"12,347",66.10%,28748,16401,1961,,,,,,,,,,,47110
E14000987,Tatton,CHS,NW,Con,Con,"28,764",58.60%,"14,787",72.40%,28764,13977,4431,,,1024,,,,,,,920,49116
E14000988,Taunton Deane,SOM,SW,Con,Con,"33,333",52.90%,"15,887",73.80%,33333,9689,17446,,1434,1151,,,,,,,,63053
E14000989,Telford,SAL,WM,Con,Con,"21,777",48.70%,720,65.60%,21777,21057,954,,,898,,,,,,,,44686
E14000990,Tewkesbury,GLS,SW,Con,Con,"35,448",60.00%,"22,574",72.50%,35448,12874,7981,,1205,1576,,,,,,,,59084
E14000991,The Cotswolds,GLS,SW,Con,Con,"36,201",60.60%,"25,499",74.20%,36201,10702,9748,,1197,1747,,,,,,,107,59702
E14000992,The Wrekin,SAL,WM,Con,Con,"27,451",55.40%,"9,564",72.20%,27451,17887,1345,,1656,804,,,,,,,380,49523
E14000993,Thirsk and Malton,NYK,YTH,Con,Con,"33,572",60.00%,"19,001",71.10%,33572,14571,3859,,1532,1100,,,,,,,1295,55929
E14000994,Thornbury and Yate,AVN,SW,Con,Con,"28,008",55.30%,"12,071",74.70%,28008,6112,15937,,,633,,,,,,,,50690
E14000995,Thurrock,ESS,E,Con,Con,"19,880",39.50%,345,64.40%,19880,19535,798,,10112,,,,,,,,,50325
E14000996,Tiverton and Honiton,DEV,SW,Con,Con,"35,471",61.40%,"19,801",71.60%,35471,15670,4639,,,2035,,,,,,,,57815
E14000997,Tonbridge and Malling,KEN,SE,Con,Con,"36,218",63.60%,"23,508",73.50%,36218,12710,3787,,1857,2335,,,,,,,,56907
E14000998,Tooting,LND,LND,Lab,Lab,"34,694",59.60%,"15,458",74.60%,19236,34694,3057,,339,845,,,,,,,,58171
E14000999,Torbay,DEV,SW,Con,Con,"27,141",53.00%,"14,283",67.40%,27141,9310,12858,,1213,652,,,,,,,,51174
W07000053,Torfaen,GNT,WLS,Lab,Lab,"22,134",57.60%,"10,240",62.10%,11894,22134,852,,1490,,,,2059,,,,,38429
E14001000,Torridge and West Devon,DEV,SW,Con,Con,"33,612",56.50%,"20,686",73.90%,33612,12926,10526,,,1622,,,,,,,794,59480
E14001001,Totnes,DEV,SW,Con,Con,"26,972",53.70%,"13,477",72.90%,26972,13495,6466,,1240,2097,,,,,,,,50270
E14001002,Tottenham,LND,LND,Lab,Lab,"40,249",81.60%,"34,584",67.70%,5665,40249,1687,,462,1276,,,,,,,,49339
E14001003,Truro and Falmouth,CUL,SW,Con,Con,"25,123",44.40%,"3,792",75.80%,25123,21331,8465,,897,831,,,,,,,,56647
E14001004,Tunbridge Wells,KEN,SE,Con,Con,"30,856",56.90%,"16,465",72.50%,30856,14391,5355,,1464,1441,,,,,,,702,54209
E14001005,Twickenham,LND,LND,Con,LD,"34,969",52.80%,"9,762",79.50%,25207,6114,34969,,,,,,,,,,,66290
E14001006,Tynemouth,TWR,NE,Lab,Lab,"32,395",57.00%,"11,666",73.40%,20729,32395,1724,,1257,629,,,,,,,124,56858
N06000017,Upper Bann,NIR,NIR,DUP,DUP,"22,317",43.50%,"7,992",63.90%,,,,,,,22317,14325,,4397,7900,2319,,51258
E14001007,Uxbridge and South Ruislip,LND,LND,Con,Con,"23,716",50.80%,"5,034",66.80%,23716,18682,1835,,1577,884,,,,,,,,46694
W07000060,Vale of Clwyd,CON,WLS,Con,Lab,"19,423",50.20%,"2,379",68.00%,17044,19423,666,,,,,,1551,,,,,38684
W07000078,Vale of Glamorgan,SGM,WLS,Con,Con,"25,501",47.50%,"2,190",72.60%,25501,23311,1020,,868,419,,,2295,,,,304,53718
E14001008,Vauxhall,LND,LND,Lab,Lab,"31,576",57.40%,"20,250",67.10%,10277,31576,11326,,,1152,,,,,,,711,55042
E14001009,Wakefield,WYK,YTH,Lab,Lab,"22,987",49.70%,"2,176",65.80%,20811,22987,943,,,,,,,,,,1543,46284
E14001010,Wallasey,MSY,NW,Lab,Lab,"34,552",71.50%,"23,320",71.70%,11232,34552,772,,1160,637,,,,,,,,48353
E14001011,Walsall North,WMD,WM,Lab,Con,"18,919",49.60%,"2,601",56.60%,18919,16318,586,,2295,,,,,,,,,38118
E14001012,Walsall South,WMD,WM,Lab,Lab,"25,286",57.40%,"8,892",65.40%,16394,25286,587,,1805,,,,,,,,,44072
E14001013,Walthamstow,LND,LND,Lab,Lab,"38,793",80.60%,"32,017",70.80%,6776,38793,1384,,,1190,,,,,,,,48143
E14001014,Wansbeck,NBL,NE,Lab,Lab,"24,338",57.30%,"10,435",68.30%,13903,24338,2015,,1483,715,,,,,,,,42454
E14001015,Wantage,OXF,SE,Con,Con,"34,459",54.20%,"17,380",74.10%,34459,17079,9234,,1284,1546,,,,,,,,63602
E14001016,Warley,WMD,WM,Lab,Lab,"27,004",67.20%,"16,483",63.10%,10521,27004,777,,1349,555,,,,,,,,40206
E14001017,Warrington North,CHS,NW,Lab,Lab,"27,356",56.40%,"9,582",67.50%,17774,27356,1207,,1561,619,,,,,,,,48517
E14001018,Warrington South,CHS,NW,Con,Lab,"29,994",48.40%,"2,549",72.40%,27445,29994,3339,,,,,,,,,,1217,61995
E14001019,Warwick and Leamington,WAR,WM,Con,Lab,"25,227",46.70%,"1,206",72.80%,24021,25227,2810,,799,1198,,,,,,,,54055
E14001020,Washington and Sunderland West,TWR,NE,Lab,Lab,"24,639",60.70%,"12,940",60.30%,11699,24639,961,,2761,514,,,,,,,,40574
E14001021,Watford,HRT,E,Con,Con,"26,731",45.60%,"2,092",67.80%,26731,24639,5335,,1184,721,,,,,,,,58610
E14001022,Waveney,SFK,E,Con,Con,"28,643",54.40%,"9,215",65.20%,28643,19428,1012,,1933,1332,,,,,,,326,52674
E14001023,Wealden,SXE,SE,Con,Con,"37,027",61.20%,"23,628",74.30%,37027,13399,6281,,1798,1959,,,,,,,,60464
E14001024,Weaver Vale,CHS,NW,Con,Lab,"26,066",51.50%,"3,928",73.30%,22138,26066,1623,,,786,,,,,,,,50613
E14001025,Wellingborough,NTH,EM,Con,Con,"30,579",57.40%,"12,460",67.20%,30579,18119,1782,,1804,956,,,,,,,,53240
E14001026,Wells,SOM,SW,Con,Con,"30,488",50.10%,"7,582",73.80%,30488,7129,22906,,,,,,,,,,320,60843
E14001027,Welwyn Hatfield,HRT,E,Con,Con,"26,374",51.00%,"7,369",70.90%,26374,19005,3836,,1441,835,,,,,,,178,51669
E14001028,Wentworth and Dearne,SYK,YTH,Lab,Lab,"28,547",65.00%,"14,803",58.70%,13744,28547,1656,,,,,,,,,,,43947
S14000058,West Aberdeenshire and Kincardine,SCT,SCT,SNP,Con,"24,704",47.90%,"7,950",71.20%,24704,5706,4461,16754,,,,,,,,,,51625
E14001029,West Bromwich East,WMD,WM,Lab,Lab,"22,664",58.00%,"7,713",61.20%,14951,22664,625,,,533,,,,,,,325,39098
E14001030,West Bromwich West,WMD,WM,Lab,Lab,"18,789",52.10%,"4,460",54.70%,14329,18789,333,,2320,323,,,,,,,,36094
E14001031,West Dorset,DOR,SW,Con,Con,"33,081",55.50%,"19,091",72.40%,33081,10896,13990,,,1631,,,,,,,,59598
S14000059,West Dunbartonshire,SCT,SCT,SNP,SNP,"18,890",42.90%,"2,288",65.20%,7582,16602,1009,18890,,,,,,,,,,44083
E14001032,West Ham,LND,LND,Lab,Lab,"46,591",76.70%,"36,754",65.70%,9837,46591,1836,,1134,957,,,,,,,353,60708
E14001033,West Lancashire,LAN,NW,Lab,Lab,"32,030",58.90%,"11,689",74.20%,20341,32030,1069,,,680,,,,,,,269,54389
E14001034,West Suffolk,SFK,E,Con,Con,"31,649",61.20%,"17,063",66.90%,31649,14586,2180,,2396,935,,,,,,,,51746
N06000018,West Tyrone,NIR,NIR,SF,SF,"22,060",50.70%,"10,342",67.90%,,,,,,427,11718,22060,,5635,2253,1000,393,43486
E14001035,West Worcestershire,HWR,WM,Con,Con,"34,703",61.50%,"21,328",75.90%,34703,13375,5307,,1481,1605,,,,,,,,56471
E14001036,Westminster North,LND,LND,Lab,Lab,"25,934",59.90%,"11,512",67.80%,14422,25934,2253,,,595,,,,,,,91,43295
E14001037,Westmorland and Lonsdale,CMA,NW,LD,LD,"23,686",45.80%,777,77.90%,22909,4783,23686,,,,,,,,,,309,51687
E14001038,Weston-Super-Mare,AVN,SW,Con,Con,"29,982",53.10%,"11,544",68.70%,29982,18438,5175,,1932,888,,,,,,,,56415
E14001039,Wigan,GTM,NW,Lab,Lab,"29,575",62.20%,"16,027",63.10%,13548,29575,916,,2750,753,,,,,,,,47542
E14001040,Wimbledon,LND,LND,Con,Con,"23,946",46.50%,"5,622",77.20%,23946,18324,7472,,553,1231,,,,,,,,51526
E14001041,Winchester,HAM,SE,Con,Con,"29,729",52.00%,"9,999",78.80%,29729,6007,19730,,695,846,,,,,,,149,57156
E14001042,Windsor,BRK,SE,Con,Con,"34,718",64.40%,"22,384",73.30%,34718,12334,5434,,,1435,,,,,,,,53921
E14001043,Wirral South,MSY,NW,Lab,Lab,"25,871",57.20%,"8,323",78.40%,17548,25871,1322,,,454,,,,,,,,45195
E14001044,Wirral West,MSY,NW,Lab,Lab,"23,866",54.30%,"5,365",78.50%,18501,23866,1155,,,429,,,,,,,,43951
E14001045,Witham,ESS,E,Con,Con,"31,670",64.30%,"18,646",71.20%,31670,13024,2715,,,1832,,,,,,,,49241
E14001046,Witney,OXF,SE,Con,Con,"33,839",55.50%,"21,241",73.60%,33839,12598,12457,,980,1053,,,,,,,,60927
E14001047,Woking,SRY,SE,Con,Con,"29,903",54.10%,"16,724",72.50%,29903,13179,9711,,1161,1092,,,,,,,200,55246
E14001048,Wokingham,BRK,SE,Con,Con,"33,806",56.60%,"18,798",75.50%,33806,15008,9512,,,1364,,,,,,,,59690
E14001049,Wolverhampton North East,WMD,WM,Lab,Lab,"19,282",52.80%,"4,587",60.10%,14695,19282,570,,1479,482,,,,,,,,36508
E14001050,Wolverhampton South East,WMD,WM,Lab,Lab,"21,137",58.20%,"8,514",60.20%,12623,21137,448,,1675,421,,,,,,,,36304
E14001051,Wolverhampton South West,WMD,WM,Lab,Lab,"20,899",49.40%,"2,185",70.60%,18714,20899,784,,1012,579,,,,,,,358,42346
E14001052,Worcester,HWR,WM,Con,Con,"24,731",48.10%,"2,508",69.60%,24731,22223,1757,,1354,1211,,,,,,,147,51423
E14001053,Workington,CMA,NW,Lab,Lab,"21,317",51.10%,"3,925",69.20%,17392,21317,1133,,1556,,,,,,,,278,41676
E14001054,Worsley and Eccles South,GTM,NW,Lab,Lab,"26,046",57.10%,"8,379",61.90%,17667,26046,1087,,,842,,,,,,,,45642
E14001055,Worthing West,WSX,SE,Con,Con,"30,181",55.40%,"12,090",70.10%,30181,18091,2982,,1635,1614,,,,,,,,54503
W07000044,Wrexham,CON,WLS,Lab,Lab,"17,153",48.90%,"1,832",70.40%,15321,17153,865,,,,,,1753,,,,,35092
E14001056,Wycombe,BKM,SE,Con,Con,"26,766",50.00%,"6,578",69.40%,26766,20188,4147,,1210,1182,,,,,,,,53493
E14001057,Wyre and Preston North,LAN,NW,Con,Con,"30,684",58.30%,"12,246",72.80%,30684,18438,2551,,,973,,,,,,,,52646
E14001058,Wyre Forest,HWR,WM,Con,Con,"29,859",58.40%,"13,334",65.80%,29859,16525,1943,,1777,1025,,,,,,,,51129
E14001059,Wythenshawe and Sale East,GTM,NW,Lab,Lab,"28,525",62.20%,"14,944",60.00%,13581,28525,1504,,1475,576,,,,,,,185,45846
E14001060,Yeovil,SOM,SW,Con,Con,"32,369",54.50%,"14,723",71.60%,32369,7418,17646,,,1052,,,,,,,919,59404
W07000041,Ynys Mon,GWN,WLS,Lab,Lab,"15,643",41.90%,"5,259",70.60%,10384,15643,479,,624,,,,10237,,,,,37367
E14001061,York Central,NYK,YTH,Lab,Lab,"34,594",65.20%,"18,575",68.70%,16019,34594,2475,,,,,,,,,,,53088
E14001062,York Outer,NYK,YTH,Con,Con,"29,356",51.10%,"8,289",75.70%,29356,21067,5910,,,1094,,,,,,,,57427
